player_id,outfielder_block,interception,total_tackle,last_man_tackle,total_clearance,head_clearance,aerial_won,own_goals,error_lead_to_goal,penalty_conceded,fouls,aerial_lost
133868.0,25.0,26.0,42.0,0.0,55.0,19.0,16.0,0.0,0.0,0.0,26.0,40.0
163745.0,0.0,0.0,0.0,0.0,0.0,0.0,0.0,0.0,0.0,0.0,0.0,0.0
136935.0,2.0,5.0,7.0,0.0,27.0,23.0,79.0,1.0,0.0,0.0,16.0,102.0
10050.0,5.0,22.0,45.0,0.0,44.0,17.0,32.0,0.0,0.0,1.0,24.0,27.0
161456.0,1.0,2.0,2.0,0.0,7.0,3.0,27.0,0.0,0.0,0.0,14.0,50.0
23097.0,0.0,0.0,0.0,0.0,0.0,0.0,0.0,0.0,0.0,0.0,0.0,0.0
180189.0,0.0,0.0,0.0,0.0,0.0,0.0,0.0,0.0,0.0,0.0,0.0,0.0
161346.0,0.0,0.0,1.0,1.0,12.0,1.0,4.0,0.0,2.0,0.0,0.0,0.0
154374.0,0.0,0.0,0.0,0.0,0.0,0.0,0.0,0.0,0.0,0.0,0.0,0.0
162026.0,0.0,0.0,0.0,0.0,0.0,0.0,0.0,0.0,0.0,0.0,0.0,0.0
6009.0,1.0,3.0,7.0,0.0,2.0,0.0,3.0,0.0,0.0,0.0,9.0,12.0
167003.0,0.0,0.0,0.0,0.0,0.0,0.0,0.0,0.0,0.0,0.0,0.0,0.0
93876.0,0.0,0.0,0.0,0.0,0.0,0.0,0.0,0.0,0.0,0.0,0.0,0.0
50119.0,5.0,11.0,15.0,0.0,19.0,9.0,22.0,0.0,0.0,0.0,8.0,14.0
161559.0,0.0,0.0,1.0,0.0,0.0,0.0,1.0,0.0,0.0,0.0,6.0,10.0
47172.0,22.0,33.0,31.0,0.0,133.0,72.0,59.0,0.0,0.0,0.0,9.0,56.0
160330.0,0.0,0.0,0.0,0.0,0.0,0.0,0.0,0.0,0.0,0.0,0.0,0.0
13981.0,2.0,6.0,18.0,0.0,3.0,2.0,3.0,0.0,0.0,1.0,6.0,7.0
20234.0,28.0,26.0,33.0,0.0,140.0,63.0,59.0,1.0,0.0,0.0,16.0,64.0
54951.0,0.0,0.0,0.0,0.0,0.0,0.0,0.0,0.0,0.0,0.0,0.0,0.0
22183.0,0.0,0.0,0.0,0.0,0.0,0.0,0.0,0.0,0.0,0.0,0.0,0.0
145272.0,0.0,0.0,0.0,0.0,0.0,0.0,0.0,0.0,0.0,0.0,0.0,0.0
133131.0,0.0,1.0,0.0,0.0,13.0,0.0,3.0,0.0,0.0,0.0,1.0,0.0
133679.0,0.0,0.0,0.0,0.0,0.0,0.0,0.0,0.0,0.0,0.0,0.0,0.0
154335.0,1.0,29.0,44.0,0.0,14.0,7.0,10.0,0.0,0.0,0.0,25.0,23.0
35018.0,2.0,16.0,21.0,0.0,19.0,12.0,32.0,0.0,0.0,0.0,12.0,25.0
35149.0,3.0,14.0,33.0,0.0,11.0,9.0,9.0,0.0,0.0,0.0,17.0,16.0
180157.0,5.0,16.0,18.0,0.0,55.0,31.0,16.0,0.0,0.0,1.0,8.0,13.0
91605.0,0.0,0.0,0.0,0.0,0.0,0.0,0.0,0.0,0.0,0.0,0.0,0.0
160068.0,0.0,0.0,0.0,0.0,0.0,0.0,0.0,0.0,0.0,0.0,0.0,0.0
162326.0,0.0,0.0,0.0,0.0,0.0,0.0,0.0,0.0,0.0,0.0,0.0,0.0
138458.0,0.0,0.0,0.0,0.0,0.0,0.0,0.0,0.0,0.0,0.0,0.0,0.0
163811.0,1.0,0.0,1.0,0.0,1.0,1.0,4.0,0.0,0.0,0.0,2.0,1.0
159715.0,3.0,4.0,18.0,0.0,5.0,3.0,10.0,0.0,0.0,0.0,26.0,11.0
115748.0,0.0,7.0,24.0,0.0,5.0,1.0,10.0,0.0,0.0,0.0,27.0,34.0
180424.0,0.0,9.0,5.0,0.0,15.0,7.0,6.0,0.0,0.0,0.0,2.0,7.0
134740.0,0.0,0.0,0.0,0.0,0.0,0.0,0.0,0.0,0.0,0.0,0.0,0.0
12067.0,0.0,0.0,0.0,0.0,0.0,0.0,0.0,0.0,0.0,0.0,0.0,0.0
154719.0,0.0,0.0,0.0,0.0,0.0,0.0,0.0,0.0,0.0,0.0,0.0,0.0
166631.0,0.0,0.0,0.0,0.0,0.0,0.0,0.0,0.0,0.0,0.0,0.0,0.0
130310.0,2.0,8.0,26.0,0.0,15.0,6.0,10.0,0.0,0.0,0.0,23.0,26.0
50142.0,0.0,0.0,0.0,0.0,0.0,0.0,0.0,0.0,0.0,0.0,0.0,0.0
135192.0,0.0,1.0,1.0,1.0,10.0,0.0,5.0,0.0,0.0,0.0,0.0,0.0
161408.0,0.0,0.0,0.0,0.0,0.0,0.0,0.0,0.0,0.0,0.0,0.0,0.0
136532.0,0.0,0.0,0.0,0.0,0.0,0.0,0.0,0.0,0.0,0.0,0.0,0.0
180271.0,0.0,0.0,0.0,0.0,0.0,0.0,0.0,0.0,0.0,0.0,0.0,0.0
22170.0,0.0,0.0,0.0,0.0,0.0,0.0,0.0,0.0,0.0,0.0,0.0,0.0
47189.0,0.0,0.0,0.0,0.0,0.0,0.0,0.0,0.0,0.0,0.0,0.0,0.0
94217.0,0.0,12.0,27.0,0.0,11.0,4.0,23.0,0.0,0.0,0.0,14.0,48.0
53036.0,6.0,39.0,76.0,0.0,62.0,37.0,52.0,1.0,0.0,2.0,32.0,53.0
161994.0,0.0,0.0,0.0,0.0,0.0,0.0,0.0,0.0,0.0,0.0,0.0,0.0
160688.0,3.0,13.0,35.0,0.0,17.0,13.0,75.0,0.0,0.0,0.0,52.0,152.0
6280.0,17.0,56.0,72.0,0.0,65.0,31.0,82.0,0.0,0.0,0.0,34.0,53.0
180847.0,0.0,0.0,0.0,0.0,0.0,0.0,0.0,0.0,0.0,0.0,0.0,0.0
90786.0,0.0,0.0,0.0,0.0,0.0,0.0,0.0,0.0,0.0,0.0,0.0,0.0
43062.0,3.0,3.0,0.0,0.0,6.0,3.0,7.0,0.0,0.0,0.0,1.0,0.0
4600.0,2.0,5.0,8.0,0.0,10.0,4.0,5.0,0.0,0.0,0.0,1.0,6.0
135764.0,0.0,0.0,0.0,0.0,0.0,0.0,0.0,0.0,0.0,0.0,0.0,0.0
145101.0,0.0,0.0,0.0,0.0,0.0,0.0,0.0,0.0,0.0,0.0,0.0,0.0
132926.0,0.0,0.0,0.0,0.0,0.0,0.0,0.0,0.0,0.0,0.0,0.0,0.0
53174.0,2.0,29.0,53.0,0.0,53.0,27.0,28.0,0.0,1.0,0.0,38.0,44.0
139685.0,0.0,0.0,0.0,0.0,0.0,0.0,0.0,0.0,0.0,0.0,0.0,0.0
163175.0,0.0,0.0,0.0,0.0,0.0,0.0,0.0,0.0,0.0,0.0,0.0,0.0
154431.0,0.0,0.0,0.0,0.0,0.0,0.0,0.0,0.0,0.0,0.0,0.0,0.0
180404.0,0.0,0.0,0.0,0.0,0.0,0.0,0.0,0.0,0.0,0.0,0.0,0.0
160918.0,0.0,0.0,0.0,0.0,0.0,0.0,0.0,0.0,0.0,0.0,0.0,0.0
51275.0,6.0,16.0,41.0,0.0,45.0,24.0,28.0,0.0,0.0,0.0,30.0,14.0
93088.0,0.0,0.0,0.0,0.0,0.0,0.0,0.0,0.0,0.0,0.0,0.0,0.0
10314.0,2.0,6.0,10.0,0.0,8.0,4.0,64.0,0.0,0.0,0.0,35.0,88.0
181611.0,0.0,0.0,0.0,0.0,0.0,0.0,0.0,0.0,0.0,0.0,0.0,0.0
172666.0,0.0,0.0,0.0,0.0,0.0,0.0,0.0,0.0,0.0,0.0,0.0,0.0
15123.0,10.0,65.0,72.0,0.0,133.0,84.0,97.0,0.0,1.0,1.0,23.0,56.0
154433.0,1.0,0.0,4.0,0.0,1.0,1.0,7.0,0.0,0.0,0.0,4.0,13.0
154298.0,0.0,0.0,0.0,0.0,0.0,0.0,0.0,0.0,0.0,0.0,0.0,0.0
162259.0,0.0,0.0,0.0,0.0,0.0,0.0,0.0,0.0,0.0,0.0,0.0,0.0
170112.0,0.0,0.0,0.0,0.0,0.0,0.0,0.0,0.0,0.0,0.0,0.0,0.0
30517.0,21.0,64.0,58.0,1.0,170.0,79.0,111.0,1.0,3.0,1.0,30.0,42.0
163781.0,0.0,0.0,0.0,0.0,0.0,0.0,0.0,0.0,0.0,0.0,0.0,0.0
13589.0,4.0,18.0,17.0,0.0,21.0,8.0,9.0,0.0,0.0,0.0,12.0,14.0
152907.0,0.0,0.0,0.0,0.0,0.0,0.0,0.0,0.0,0.0,0.0,0.0,0.0
180428.0,0.0,0.0,0.0,0.0,0.0,0.0,0.0,0.0,0.0,0.0,0.0,0.0
180209.0,8.0,9.0,4.0,0.0,28.0,14.0,20.0,0.0,0.0,0.0,4.0,13.0
135355.0,0.0,0.0,0.0,0.0,0.0,0.0,0.0,0.0,0.0,0.0,0.0,0.0
179180.0,0.0,0.0,0.0,0.0,0.0,0.0,0.0,0.0,0.0,0.0,0.0,0.0
179296.0,1.0,12.0,12.0,0.0,5.0,3.0,5.0,0.0,0.0,0.0,12.0,7.0
32114.0,3.0,4.0,9.0,0.0,24.0,18.0,115.0,0.0,0.0,0.0,21.0,93.0
180063.0,0.0,7.0,9.0,0.0,6.0,5.0,17.0,0.0,0.0,0.0,10.0,9.0
180005.0,0.0,1.0,7.0,0.0,3.0,0.0,6.0,0.0,0.0,0.0,4.0,5.0
135648.0,0.0,0.0,0.0,0.0,0.0,0.0,0.0,0.0,0.0,0.0,0.0,0.0
135245.0,1.0,13.0,31.0,0.0,5.0,2.0,1.0,0.0,0.0,0.0,15.0,10.0
162618.0,0.0,0.0,0.0,0.0,0.0,0.0,0.0,0.0,0.0,0.0,0.0,0.0
175535.0,0.0,0.0,0.0,0.0,0.0,0.0,0.0,0.0,0.0,0.0,0.0,0.0
44030.0,1.0,18.0,28.0,0.0,10.0,5.0,13.0,0.0,0.0,1.0,19.0,18.0
40581.0,0.0,0.0,0.0,0.0,0.0,0.0,0.0,0.0,0.0,0.0,0.0,0.0
162023.0,0.0,1.0,8.0,0.0,6.0,4.0,5.0,0.0,0.0,0.0,6.0,3.0
160732.0,15.0,59.0,66.0,0.0,90.0,51.0,96.0,0.0,1.0,0.0,36.0,69.0
170279.0,0.0,0.0,0.0,0.0,0.0,0.0,0.0,0.0,0.0,0.0,0.0,0.0
180251.0,0.0,0.0,0.0,0.0,0.0,0.0,0.0,0.0,0.0,0.0,0.0,0.0
162118.0,1.0,15.0,38.0,0.0,14.0,6.0,10.0,0.0,0.0,0.0,21.0,12.0
43137.0,0.0,0.0,0.0,0.0,0.0,0.0,0.0,0.0,0.0,0.0,0.0,0.0
43065.0,0.0,0.0,0.0,0.0,0.0,0.0,0.0,0.0,0.0,0.0,0.0,0.0
138271.0,0.0,0.0,0.0,0.0,0.0,0.0,0.0,0.0,0.0,0.0,0.0,0.0
163795.0,0.0,0.0,0.0,0.0,0.0,0.0,0.0,0.0,0.0,0.0,0.0,0.0
162034.0,0.0,0.0,0.0,0.0,0.0,0.0,0.0,0.0,0.0,0.0,0.0,0.0
129762.0,9.0,29.0,40.0,0.0,83.0,51.0,63.0,0.0,0.0,0.0,21.0,23.0
180097.0,1.0,0.0,1.0,0.0,0.0,0.0,0.0,0.0,0.0,0.0,0.0,3.0
180206.0,0.0,0.0,1.0,0.0,0.0,0.0,0.0,0.0,0.0,0.0,0.0,2.0
32256.0,0.0,0.0,0.0,0.0,0.0,0.0,0.0,0.0,0.0,0.0,0.0,0.0
133548.0,0.0,4.0,16.0,0.0,0.0,0.0,7.0,0.0,0.0,1.0,25.0,11.0
139035.0,0.0,0.0,0.0,0.0,0.0,0.0,0.0,0.0,0.0,0.0,0.0,0.0
180212.0,0.0,13.0,12.0,1.0,3.0,1.0,0.0,0.0,0.0,0.0,3.0,11.0
170109.0,0.0,0.0,0.0,0.0,0.0,0.0,0.0,0.0,0.0,0.0,0.0,0.0
180094.0,0.0,0.0,0.0,0.0,0.0,0.0,0.0,0.0,0.0,0.0,0.0,0.0
42971.0,1.0,3.0,8.0,0.0,7.0,4.0,8.0,0.0,0.0,0.0,7.0,7.0
184277.0,0.0,0.0,0.0,0.0,0.0,0.0,0.0,0.0,0.0,0.0,0.0,0.0
32539.0,0.0,0.0,0.0,0.0,3.0,0.0,1.0,0.0,0.0,0.0,0.0,0.0
162011.0,0.0,0.0,0.0,0.0,0.0,0.0,0.0,0.0,0.0,0.0,0.0,0.0
175379.0,0.0,0.0,0.0,0.0,0.0,0.0,0.0,0.0,0.0,0.0,0.0,0.0
20252.0,0.0,0.0,0.0,0.0,0.0,0.0,0.0,0.0,0.0,0.0,0.0,0.0
181972.0,0.0,0.0,0.0,0.0,0.0,0.0,0.0,0.0,0.0,0.0,0.0,1.0
130553.0,0.0,0.0,2.0,0.0,0.0,0.0,0.0,0.0,0.0,0.0,2.0,2.0
180093.0,1.0,4.0,5.0,0.0,5.0,1.0,9.0,0.0,0.0,0.0,3.0,8.0
10195.0,0.0,0.0,0.0,0.0,0.0,0.0,0.0,0.0,0.0,0.0,0.0,0.0
180060.0,0.0,8.0,16.0,0.0,11.0,6.0,2.0,0.0,0.0,0.0,5.0,8.0
162522.0,0.0,0.0,0.0,0.0,0.0,0.0,0.0,0.0,0.0,0.0,0.0,0.0
180279.0,0.0,0.0,0.0,0.0,0.0,0.0,0.0,0.0,0.0,0.0,0.0,0.0
130624.0,5.0,21.0,73.0,0.0,20.0,8.0,27.0,0.0,2.0,0.0,30.0,42.0
160305.0,0.0,0.0,0.0,0.0,0.0,0.0,0.0,0.0,0.0,0.0,0.0,0.0
18555.0,0.0,0.0,0.0,0.0,0.0,0.0,0.0,0.0,0.0,0.0,0.0,0.0
135262.0,15.0,37.0,59.0,0.0,89.0,54.0,115.0,0.0,0.0,0.0,27.0,39.0
31562.0,0.0,0.0,0.0,0.0,0.0,0.0,0.0,0.0,0.0,0.0,0.0,0.0
184437.0,0.0,0.0,0.0,0.0,0.0,0.0,0.0,0.0,0.0,0.0,0.0,0.0
31260.0,0.0,0.0,0.0,0.0,0.0,0.0,0.0,0.0,0.0,0.0,0.0,0.0
132982.0,0.0,0.0,0.0,0.0,0.0,0.0,0.0,0.0,0.0,0.0,0.0,0.0
53314.0,0.0,0.0,0.0,0.0,0.0,0.0,0.0,0.0,0.0,0.0,0.0,0.0
160643.0,0.0,0.0,0.0,0.0,0.0,0.0,0.0,0.0,0.0,0.0,0.0,0.0
160495.0,8.0,26.0,40.0,0.0,61.0,33.0,43.0,0.0,0.0,0.0,16.0,39.0
47176.0,0.0,0.0,0.0,0.0,3.0,0.0,2.0,0.0,0.0,0.0,0.0,0.0
166293.0,0.0,0.0,0.0,0.0,0.0,0.0,0.0,0.0,0.0,0.0,0.0,0.0
140995.0,0.0,0.0,0.0,0.0,0.0,0.0,0.0,0.0,0.0,0.0,0.0,0.0
14290.0,2.0,4.0,11.0,0.0,14.0,10.0,49.0,0.0,0.0,0.0,47.0,122.0
41062.0,2.0,4.0,7.0,0.0,27.0,25.0,160.0,0.0,0.0,0.0,49.0,189.0
94008.0,0.0,0.0,0.0,0.0,0.0,0.0,0.0,0.0,0.0,0.0,0.0,0.0
106138.0,0.0,0.0,0.0,0.0,0.0,0.0,0.0,0.0,0.0,0.0,0.0,0.0
172181.0,0.0,0.0,0.0,0.0,0.0,0.0,0.0,0.0,0.0,0.0,0.0,0.0
179304.0,0.0,0.0,0.0,0.0,0.0,0.0,0.0,0.0,0.0,0.0,0.0,0.0
135550.0,0.0,0.0,0.0,0.0,0.0,0.0,0.0,0.0,0.0,0.0,0.0,0.0
128570.0,1.0,17.0,43.0,0.0,26.0,6.0,17.0,0.0,1.0,1.0,26.0,35.0
20262.0,9.0,65.0,72.0,0.0,52.0,29.0,47.0,0.0,0.0,0.0,52.0,19.0
131449.0,0.0,0.0,0.0,0.0,0.0,0.0,0.0,0.0,0.0,0.0,0.0,0.0
154414.0,0.0,0.0,0.0,0.0,0.0,0.0,0.0,0.0,0.0,0.0,0.0,0.0
166835.0,0.0,0.0,0.0,0.0,0.0,0.0,0.0,0.0,0.0,0.0,0.0,0.0
162000.0,0.0,0.0,0.0,0.0,0.0,0.0,0.0,0.0,0.0,0.0,0.0,0.0
180051.0,0.0,0.0,0.0,0.0,0.0,0.0,0.0,0.0,0.0,0.0,0.0,0.0
169899.0,0.0,0.0,0.0,0.0,0.0,0.0,0.0,0.0,0.0,0.0,0.0,0.0
15257.0,16.0,25.0,41.0,0.0,133.0,62.0,67.0,0.0,0.0,0.0,13.0,53.0
175420.0,0.0,0.0,0.0,0.0,0.0,0.0,0.0,0.0,0.0,0.0,0.0,0.0
160682.0,2.0,24.0,34.0,0.0,6.0,4.0,8.0,0.0,0.0,0.0,13.0,18.0
18549.0,0.0,0.0,0.0,0.0,0.0,0.0,0.0,0.0,0.0,0.0,0.0,0.0
180108.0,4.0,20.0,48.0,0.0,44.0,17.0,18.0,0.0,0.0,0.0,10.0,26.0
162010.0,0.0,0.0,0.0,0.0,0.0,0.0,0.0,0.0,0.0,0.0,0.0,0.0
135177.0,7.0,16.0,26.0,0.0,41.0,25.0,37.0,0.0,0.0,1.0,18.0,31.0
180129.0,0.0,0.0,0.0,0.0,0.0,0.0,0.0,0.0,0.0,0.0,0.0,0.0
163747.0,0.0,1.0,0.0,0.0,0.0,0.0,0.0,0.0,0.0,0.0,0.0,0.0
20752.0,6.0,28.0,42.0,0.0,52.0,26.0,56.0,0.0,0.0,0.0,28.0,38.0
155186.0,0.0,0.0,0.0,0.0,0.0,0.0,0.0,0.0,0.0,0.0,0.0,0.0
161388.0,0.0,0.0,0.0,0.0,0.0,0.0,0.0,0.0,0.0,0.0,2.0,2.0
22162.0,6.0,23.0,17.0,0.0,11.0,4.0,11.0,0.0,0.0,0.0,11.0,9.0
25607.0,0.0,0.0,0.0,0.0,0.0,0.0,0.0,0.0,0.0,0.0,0.0,0.0
184607.0,0.0,0.0,0.0,0.0,0.0,0.0,0.0,0.0,0.0,0.0,0.0,0.0
179125.0,0.0,0.0,0.0,0.0,0.0,0.0,0.0,0.0,0.0,0.0,0.0,0.0
144247.0,0.0,0.0,0.0,0.0,0.0,0.0,0.0,0.0,0.0,0.0,0.0,0.0
160852.0,0.0,0.0,0.0,0.0,0.0,0.0,0.0,0.0,0.0,0.0,0.0,0.0
166390.0,0.0,0.0,0.0,0.0,0.0,0.0,0.0,0.0,0.0,0.0,0.0,0.0
163235.0,0.0,0.0,0.0,0.0,0.0,0.0,0.0,0.0,0.0,0.0,0.0,0.0
170110.0,0.0,0.0,0.0,0.0,0.0,0.0,0.0,0.0,0.0,0.0,0.0,0.0
44032.0,0.0,7.0,16.0,0.0,8.0,0.0,8.0,0.0,0.0,0.0,10.0,7.0
181246.0,0.0,0.0,0.0,0.0,0.0,0.0,0.0,0.0,0.0,0.0,0.0,0.0
20418.0,0.0,0.0,0.0,0.0,0.0,0.0,0.0,0.0,0.0,0.0,0.0,0.0
166633.0,0.0,0.0,0.0,0.0,0.0,0.0,0.0,0.0,0.0,0.0,0.0,0.0
94282.0,0.0,0.0,0.0,0.0,0.0,0.0,0.0,0.0,0.0,0.0,0.0,0.0
94007.0,6.0,21.0,34.0,0.0,27.0,17.0,25.0,0.0,1.0,0.0,15.0,17.0
136321.0,0.0,0.0,0.0,0.0,0.0,0.0,0.0,0.0,0.0,0.0,0.0,0.0
154766.0,0.0,0.0,5.0,0.0,3.0,2.0,18.0,0.0,0.0,0.0,14.0,30.0
180378.0,0.0,0.0,0.0,0.0,0.0,0.0,0.0,0.0,0.0,0.0,0.0,0.0
49709.0,12.0,28.0,35.0,0.0,45.0,24.0,56.0,0.0,0.0,0.0,33.0,69.0
161061.0,0.0,0.0,0.0,0.0,0.0,0.0,0.0,0.0,0.0,0.0,0.0,0.0
175559.0,0.0,0.0,0.0,0.0,0.0,0.0,0.0,0.0,0.0,0.0,0.0,0.0
160085.0,0.0,0.0,0.0,0.0,0.0,0.0,0.0,0.0,0.0,0.0,0.0,0.0
14131.0,9.0,27.0,37.0,0.0,54.0,29.0,35.0,0.0,0.0,0.0,15.0,33.0
169979.0,0.0,0.0,0.0,0.0,0.0,0.0,0.0,0.0,0.0,0.0,0.0,0.0
10206.0,0.0,0.0,0.0,0.0,0.0,0.0,0.0,0.0,0.0,0.0,0.0,0.0
154344.0,0.0,0.0,0.0,0.0,0.0,0.0,0.0,0.0,0.0,0.0,0.0,0.0
166879.0,0.0,0.0,0.0,0.0,0.0,0.0,0.0,0.0,0.0,0.0,0.0,0.0
137271.0,0.0,0.0,0.0,0.0,0.0,0.0,0.0,0.0,0.0,0.0,0.0,0.0
21990.0,0.0,0.0,0.0,0.0,0.0,0.0,0.0,0.0,0.0,0.0,0.0,0.0
161474.0,0.0,0.0,0.0,0.0,0.0,0.0,0.0,0.0,0.0,0.0,0.0,0.0
175596.0,1.0,2.0,4.0,0.0,1.0,1.0,8.0,0.0,0.0,0.0,5.0,20.0
175538.0,0.0,0.0,0.0,0.0,0.0,0.0,0.0,0.0,0.0,0.0,0.0,0.0
94240.0,0.0,0.0,0.0,0.0,0.0,0.0,0.0,0.0,0.0,0.0,0.0,0.0
166331.0,0.0,0.0,0.0,0.0,0.0,0.0,0.0,0.0,0.0,0.0,0.0,0.0
161440.0,0.0,0.0,0.0,0.0,0.0,0.0,0.0,0.0,0.0,0.0,0.0,0.0
180285.0,0.0,0.0,0.0,0.0,0.0,0.0,0.0,0.0,0.0,0.0,0.0,0.0
180050.0,0.0,0.0,1.0,0.0,1.0,0.0,0.0,0.0,0.0,0.0,1.0,1.0
10048.0,0.0,1.0,1.0,0.0,4.0,4.0,2.0,0.0,0.0,0.0,0.0,0.0
162295.0,0.0,0.0,0.0,0.0,0.0,0.0,0.0,0.0,0.0,0.0,0.0,0.0
160781.0,0.0,7.0,3.0,0.0,2.0,0.0,2.0,0.0,0.0,0.0,0.0,10.0
51513.0,6.0,7.0,4.0,0.0,45.0,22.0,22.0,0.0,0.0,0.0,3.0,23.0
162156.0,3.0,2.0,6.0,0.0,7.0,3.0,7.0,0.0,0.0,0.0,4.0,12.0
14910.0,0.0,0.0,0.0,0.0,0.0,0.0,0.0,0.0,0.0,0.0,0.0,0.0
171196.0,0.0,0.0,0.0,0.0,0.0,0.0,0.0,0.0,0.0,0.0,0.0,0.0
162019.0,29.0,26.0,25.0,0.0,106.0,63.0,42.0,0.0,2.0,4.0,24.0,35.0
5745.0,1.0,8.0,19.0,0.0,5.0,1.0,4.0,0.0,0.0,0.0,17.0,16.0
166640.0,0.0,0.0,0.0,0.0,0.0,0.0,0.0,0.0,0.0,0.0,0.0,0.0
18566.0,0.0,0.0,1.0,0.0,1.0,1.0,19.0,0.0,0.0,0.0,8.0,32.0
160032.0,25.0,26.0,19.0,0.0,94.0,58.0,69.0,0.0,0.0,0.0,23.0,33.0
160572.0,0.0,0.0,0.0,0.0,0.0,0.0,0.0,0.0,0.0,0.0,0.0,0.0
19595.0,4.0,16.0,36.0,0.0,20.0,13.0,10.0,0.0,0.0,0.0,24.0,16.0
6011.0,0.0,0.0,0.0,0.0,15.0,0.0,9.0,0.0,3.0,0.0,0.0,0.0
12507.0,1.0,10.0,17.0,0.0,25.0,17.0,164.0,0.0,0.0,0.0,29.0,245.0
163566.0,0.0,0.0,0.0,0.0,0.0,0.0,0.0,0.0,0.0,0.0,0.0,0.0
32079.0,0.0,0.0,0.0,0.0,0.0,0.0,0.0,0.0,0.0,0.0,0.0,0.0
59113.0,0.0,0.0,0.0,0.0,0.0,0.0,0.0,0.0,0.0,0.0,0.0,0.0
160457.0,3.0,15.0,26.0,0.0,16.0,9.0,15.0,0.0,1.0,0.0,18.0,9.0
160625.0,0.0,0.0,0.0,0.0,0.0,0.0,0.0,0.0,0.0,0.0,0.0,0.0
136218.0,0.0,0.0,0.0,0.0,0.0,0.0,0.0,0.0,0.0,0.0,0.0,0.0
160025.0,11.0,35.0,59.0,1.0,57.0,40.0,84.0,1.0,1.0,1.0,24.0,70.0
138551.0,0.0,0.0,0.0,0.0,0.0,0.0,0.0,0.0,0.0,0.0,0.0,0.0
129752.0,0.0,25.0,33.0,0.0,5.0,0.0,1.0,0.0,0.0,0.0,27.0,18.0
179968.0,0.0,0.0,0.0,0.0,0.0,0.0,0.0,0.0,0.0,0.0,0.0,0.0
100779.0,0.0,0.0,0.0,0.0,0.0,0.0,0.0,0.0,0.0,0.0,0.0,0.0
31075.0,0.0,0.0,0.0,0.0,0.0,0.0,0.0,0.0,0.0,0.0,0.0,0.0
162102.0,0.0,0.0,0.0,0.0,0.0,0.0,0.0,0.0,0.0,0.0,0.0,0.0
144675.0,0.0,0.0,0.0,0.0,0.0,0.0,0.0,0.0,0.0,0.0,0.0,0.0
14109.0,9.0,13.0,19.0,1.0,49.0,29.0,53.0,0.0,0.0,1.0,16.0,31.0
134236.0,6.0,33.0,64.0,0.0,72.0,33.0,81.0,1.0,0.0,0.0,31.0,38.0
129751.0,0.0,2.0,3.0,0.0,1.0,1.0,3.0,0.0,0.0,0.0,1.0,1.0
131743.0,0.0,8.0,28.0,0.0,7.0,3.0,22.0,0.0,0.0,0.0,39.0,45.0
162131.0,0.0,0.0,0.0,0.0,0.0,0.0,0.0,0.0,0.0,0.0,0.0,0.0
129879.0,20.0,40.0,25.0,1.0,136.0,67.0,67.0,0.0,1.0,3.0,25.0,26.0
170111.0,0.0,0.0,0.0,0.0,0.0,0.0,0.0,0.0,0.0,0.0,0.0,0.0
159638.0,1.0,9.0,27.0,0.0,9.0,3.0,3.0,0.0,0.0,0.0,23.0,16.0
180204.0,0.0,0.0,0.0,0.0,0.0,0.0,0.0,0.0,0.0,0.0,0.0,0.0
5873.0,0.0,0.0,0.0,0.0,0.0,0.0,0.0,0.0,0.0,0.0,0.0,0.0
180848.0,0.0,0.0,2.0,0.0,0.0,0.0,0.0,0.0,0.0,0.0,1.0,2.0
106028.0,5.0,26.0,54.0,0.0,26.0,9.0,45.0,1.0,0.0,1.0,43.0,51.0
160683.0,15.0,21.0,35.0,0.0,37.0,14.0,26.0,0.0,1.0,1.0,38.0,33.0
172648.0,0.0,0.0,0.0,0.0,0.0,0.0,0.0,0.0,0.0,0.0,0.0,0.0
145004.0,0.0,0.0,0.0,0.0,0.0,0.0,0.0,0.0,0.0,0.0,0.0,0.0
160813.0,0.0,0.0,0.0,0.0,0.0,0.0,0.0,0.0,0.0,0.0,0.0,0.0
172796.0,0.0,0.0,0.0,0.0,0.0,0.0,0.0,0.0,0.0,0.0,0.0,0.0
175380.0,0.0,6.0,7.0,0.0,5.0,2.0,0.0,0.0,1.0,0.0,8.0,6.0
175397.0,0.0,0.0,0.0,0.0,0.0,0.0,0.0,0.0,0.0,0.0,0.0,0.0
159741.0,0.0,0.0,2.0,0.0,4.0,2.0,12.0,0.0,1.0,0.0,4.0,27.0
129737.0,0.0,1.0,1.0,0.0,33.0,0.0,9.0,0.0,5.0,0.0,0.0,0.0
175656.0,2.0,6.0,17.0,0.0,7.0,5.0,6.0,0.0,0.0,0.0,8.0,17.0
33468.0,6.0,21.0,18.0,1.0,69.0,47.0,68.0,0.0,0.0,0.0,14.0,24.0
176689.0,9.0,23.0,27.0,0.0,61.0,31.0,28.0,1.0,0.0,0.0,4.0,32.0
171019.0,0.0,0.0,0.0,0.0,0.0,0.0,0.0,0.0,0.0,0.0,0.0,0.0
13742.0,23.0,48.0,34.0,1.0,96.0,42.0,83.0,0.0,0.0,0.0,16.0,48.0
166888.0,0.0,0.0,0.0,0.0,0.0,0.0,0.0,0.0,0.0,0.0,0.0,0.0
160515.0,0.0,0.0,0.0,0.0,0.0,0.0,0.0,0.0,0.0,0.0,0.0,0.0
47186.0,0.0,0.0,0.0,0.0,0.0,0.0,0.0,0.0,0.0,0.0,0.0,0.0
133133.0,23.0,44.0,36.0,1.0,133.0,60.0,105.0,0.0,1.0,1.0,30.0,64.0
160034.0,1.0,11.0,18.0,0.0,11.0,5.0,28.0,0.0,0.0,0.0,19.0,53.0
162033.0,0.0,0.0,0.0,0.0,0.0,0.0,0.0,0.0,0.0,0.0,0.0,0.0
41696.0,0.0,0.0,0.0,0.0,0.0,0.0,0.0,0.0,0.0,0.0,0.0,0.0
160738.0,0.0,0.0,0.0,0.0,0.0,0.0,0.0,0.0,0.0,0.0,0.0,0.0
159922.0,0.0,0.0,0.0,0.0,0.0,0.0,0.0,0.0,0.0,0.0,0.0,0.0
94140.0,1.0,18.0,23.0,0.0,14.0,9.0,16.0,0.0,0.0,0.0,4.0,11.0
160488.0,17.0,28.0,11.0,0.0,85.0,42.0,55.0,0.0,1.0,2.0,5.0,27.0
161047.0,0.0,0.0,0.0,0.0,0.0,0.0,0.0,0.0,0.0,0.0,0.0,0.0
162007.0,0.0,0.0,0.0,0.0,0.0,0.0,0.0,0.0,0.0,0.0,0.0,0.0
180025.0,1.0,12.0,19.0,0.0,14.0,5.0,6.0,0.0,0.0,0.0,9.0,10.0
129750.0,16.0,42.0,41.0,0.0,150.0,72.0,98.0,0.0,0.0,0.0,19.0,58.0
180308.0,0.0,0.0,0.0,0.0,0.0,0.0,0.0,0.0,0.0,0.0,0.0,0.0
129917.0,0.0,1.0,2.0,0.0,16.0,0.0,6.0,0.0,2.0,1.0,1.0,0.0
129759.0,1.0,27.0,50.0,0.0,13.0,5.0,35.0,0.0,0.0,0.0,28.0,23.0
153033.0,0.0,0.0,0.0,0.0,0.0,0.0,0.0,0.0,0.0,0.0,0.0,0.0
181979.0,0.0,0.0,0.0,0.0,0.0,0.0,0.0,0.0,0.0,0.0,0.0,0.0
184436.0,0.0,0.0,0.0,0.0,0.0,0.0,0.0,0.0,0.0,0.0,0.0,0.0
166196.0,0.0,0.0,0.0,0.0,0.0,0.0,0.0,0.0,0.0,0.0,0.0,0.0
132927.0,1.0,22.0,46.0,0.0,10.0,5.0,6.0,0.0,0.0,0.0,17.0,19.0
6727.0,0.0,0.0,0.0,0.0,0.0,0.0,0.0,0.0,0.0,0.0,0.0,0.0
172481.0,0.0,0.0,0.0,0.0,0.0,0.0,0.0,0.0,0.0,0.0,0.0,0.0
135251.0,19.0,20.0,39.0,0.0,153.0,87.0,49.0,0.0,0.0,0.0,14.0,40.0
6723.0,16.0,22.0,44.0,0.0,76.0,46.0,61.0,1.0,0.0,1.0,24.0,41.0
160568.0,0.0,0.0,0.0,0.0,0.0,0.0,0.0,0.0,0.0,0.0,0.0,0.0
137267.0,0.0,0.0,0.0,0.0,0.0,0.0,0.0,0.0,0.0,0.0,0.0,0.0
162146.0,0.0,0.0,0.0,0.0,0.0,0.0,0.0,0.0,0.0,0.0,0.0,0.0
30926.0,3.0,20.0,34.0,0.0,18.0,7.0,13.0,0.0,0.0,0.0,22.0,25.0
52220.0,0.0,2.0,10.0,0.0,2.0,1.0,4.0,0.0,0.0,0.0,7.0,7.0
159637.0,1.0,20.0,38.0,0.0,5.0,3.0,8.0,0.0,0.0,0.0,15.0,39.0
109971.0,0.0,0.0,0.0,0.0,0.0,0.0,0.0,0.0,0.0,0.0,0.0,0.0
130759.0,0.0,0.0,1.0,0.0,24.0,1.0,9.0,0.0,2.0,2.0,2.0,0.0
135247.0,0.0,0.0,0.0,0.0,0.0,0.0,0.0,0.0,0.0,0.0,0.0,0.0
172462.0,0.0,2.0,1.0,0.0,2.0,0.0,0.0,0.0,0.0,0.0,0.0,2.0
53032.0,0.0,1.0,7.0,0.0,2.0,1.0,3.0,0.0,1.0,0.0,2.0,1.0
10045.0,12.0,20.0,13.0,0.0,66.0,40.0,48.0,0.0,0.0,0.0,7.0,32.0
131647.0,0.0,0.0,0.0,0.0,0.0,0.0,0.0,0.0,0.0,0.0,0.0,0.0
32213.0,0.0,0.0,0.0,0.0,0.0,0.0,0.0,0.0,0.0,0.0,0.0,0.0
130050.0,8.0,37.0,57.0,0.0,26.0,7.0,9.0,0.0,0.0,0.0,41.0,18.0
129761.0,10.0,18.0,68.0,0.0,52.0,25.0,32.0,0.0,0.0,0.0,21.0,29.0
19444.0,3.0,13.0,12.0,0.0,20.0,11.0,15.0,0.0,0.0,0.0,2.0,16.0
42972.0,0.0,0.0,0.0,0.0,0.0,0.0,0.0,0.0,0.0,0.0,0.0,0.0
31068.0,0.0,8.0,15.0,0.0,6.0,6.0,35.0,0.0,0.0,0.0,20.0,57.0
166789.0,1.0,3.0,20.0,0.0,5.0,4.0,8.0,0.0,0.0,0.0,9.0,37.0
167240.0,0.0,0.0,0.0,0.0,0.0,0.0,0.0,0.0,0.0,0.0,0.0,0.0
170108.0,0.0,0.0,0.0,0.0,0.0,0.0,0.0,0.0,0.0,0.0,0.0,0.0
179163.0,0.0,0.0,0.0,0.0,0.0,0.0,0.0,0.0,0.0,0.0,0.0,0.0
161098.0,0.0,0.0,0.0,0.0,0.0,0.0,0.0,0.0,0.0,0.0,0.0,0.0
141016.0,0.0,6.0,2.0,0.0,15.0,7.0,3.0,0.0,0.0,0.0,2.0,10.0
161386.0,0.0,0.0,0.0,0.0,1.0,0.0,0.0,0.0,0.0,0.0,0.0,0.0
135117.0,0.0,2.0,5.0,0.0,4.0,3.0,11.0,0.0,0.0,0.0,3.0,25.0
52304.0,0.0,1.0,0.0,0.0,7.0,1.0,5.0,0.0,1.0,1.0,1.0,1.0
160893.0,0.0,1.0,4.0,0.0,4.0,3.0,3.0,0.0,0.0,0.0,2.0,2.0
179148.0,0.0,0.0,1.0,0.0,0.0,0.0,0.0,0.0,0.0,0.0,0.0,1.0
179948.0,0.0,0.0,0.0,0.0,0.0,0.0,0.0,0.0,0.0,0.0,0.0,0.0
180280.0,0.0,0.0,0.0,0.0,0.0,0.0,0.0,0.0,0.0,0.0,0.0,0.0
171018.0,0.0,0.0,0.0,0.0,0.0,0.0,0.0,0.0,0.0,0.0,0.0,0.0
32012.0,0.0,2.0,0.0,0.0,0.0,0.0,4.0,0.0,0.0,0.0,2.0,2.0
134707.0,0.0,0.0,0.0,0.0,0.0,0.0,0.0,0.0,0.0,0.0,0.0,0.0
180294.0,0.0,0.0,0.0,0.0,0.0,0.0,0.0,0.0,0.0,0.0,0.0,0.0
140997.0,0.0,0.0,0.0,0.0,0.0,0.0,0.0,0.0,0.0,0.0,0.0,0.0
94221.0,1.0,2.0,5.0,0.0,7.0,6.0,36.0,0.0,0.0,0.0,13.0,31.0
153011.0,0.0,0.0,0.0,0.0,0.0,0.0,0.0,0.0,0.0,0.0,0.0,0.0
51314.0,0.0,0.0,0.0,0.0,0.0,0.0,0.0,0.0,0.0,0.0,0.0,0.0
55835.0,30.0,19.0,20.0,0.0,109.0,55.0,44.0,0.0,0.0,1.0,9.0,29.0
175461.0,0.0,0.0,0.0,0.0,0.0,0.0,0.0,0.0,0.0,0.0,0.0,0.0
19499.0,0.0,0.0,0.0,0.0,0.0,0.0,0.0,0.0,0.0,0.0,0.0,0.0
162570.0,0.0,0.0,0.0,0.0,0.0,0.0,0.0,0.0,0.0,0.0,0.0,0.0
167984.0,0.0,0.0,0.0,0.0,0.0,0.0,0.0,0.0,0.0,0.0,0.0,0.0
135671.0,0.0,4.0,6.0,0.0,0.0,0.0,1.0,0.0,0.0,0.0,4.0,4.0
14287.0,9.0,13.0,23.0,0.0,20.0,8.0,17.0,0.0,0.0,0.0,15.0,22.0
160481.0,0.0,0.0,0.0,0.0,0.0,0.0,0.0,0.0,0.0,0.0,0.0,0.0
166140.0,0.0,0.0,0.0,0.0,0.0,0.0,0.0,0.0,0.0,0.0,0.0,0.0
19453.0,0.0,0.0,0.0,0.0,0.0,0.0,0.0,0.0,0.0,0.0,0.0,0.0
11653.0,12.0,15.0,26.0,0.0,8.0,3.0,20.0,0.0,1.0,0.0,26.0,24.0
172459.0,0.0,0.0,0.0,0.0,0.0,0.0,0.0,0.0,0.0,0.0,0.0,0.0
139564.0,0.0,4.0,15.0,0.0,4.0,2.0,4.0,0.0,0.0,0.0,8.0,12.0
100759.0,0.0,0.0,0.0,0.0,0.0,0.0,0.0,0.0,0.0,0.0,0.0,0.0
48182.0,1.0,6.0,33.0,0.0,6.0,2.0,17.0,1.0,0.0,0.0,19.0,25.0
171023.0,0.0,0.0,0.0,0.0,0.0,0.0,0.0,0.0,0.0,0.0,0.0,0.0
129756.0,0.0,0.0,1.0,0.0,37.0,2.0,17.0,1.0,1.0,0.0,0.0,2.0
30985.0,1.0,5.0,2.0,0.0,4.0,3.0,4.0,0.0,0.0,0.0,3.0,11.0
131780.0,7.0,29.0,31.0,0.0,34.0,16.0,13.0,0.0,0.0,0.0,17.0,16.0
162322.0,0.0,0.0,0.0,0.0,0.0,0.0,0.0,0.0,0.0,0.0,0.0,0.0
159753.0,0.0,0.0,0.0,0.0,0.0,0.0,0.0,0.0,0.0,0.0,0.0,0.0
7018.0,4.0,31.0,21.0,0.0,9.0,4.0,10.0,0.0,0.0,1.0,14.0,14.0
131773.0,0.0,0.0,0.0,0.0,0.0,0.0,0.0,0.0,0.0,0.0,0.0,0.0
166635.0,0.0,0.0,0.0,0.0,0.0,0.0,0.0,0.0,0.0,0.0,0.0,0.0
172746.0,0.0,0.0,0.0,0.0,0.0,0.0,0.0,0.0,0.0,0.0,0.0,0.0
170341.0,0.0,0.0,0.0,0.0,0.0,0.0,0.0,0.0,0.0,0.0,0.0,0.0
160522.0,5.0,8.0,18.0,0.0,22.0,19.0,206.0,0.0,0.0,0.0,42.0,199.0
175383.0,0.0,0.0,0.0,0.0,0.0,0.0,0.0,0.0,0.0,0.0,0.0,0.0
56726.0,18.0,31.0,24.0,0.0,76.0,44.0,44.0,1.0,0.0,0.0,12.0,18.0
160648.0,0.0,0.0,0.0,0.0,0.0,0.0,0.0,0.0,0.0,0.0,0.0,0.0
172678.0,0.0,0.0,0.0,0.0,0.0,0.0,0.0,0.0,0.0,0.0,0.0,0.0
172889.0,0.0,0.0,0.0,0.0,0.0,0.0,0.0,0.0,0.0,0.0,0.0,0.0
161402.0,2.0,8.0,21.0,0.0,9.0,4.0,2.0,0.0,0.0,1.0,7.0,18.0
135118.0,0.0,0.0,0.0,0.0,0.0,0.0,0.0,0.0,0.0,0.0,0.0,0.0
138544.0,0.0,0.0,0.0,0.0,0.0,0.0,0.0,0.0,0.0,0.0,0.0,0.0
166468.0,17.0,16.0,19.0,0.0,82.0,45.0,99.0,0.0,1.0,0.0,24.0,32.0
30667.0,6.0,38.0,51.0,0.0,33.0,12.0,47.0,0.0,0.0,0.0,24.0,33.0
160772.0,0.0,0.0,3.0,1.0,12.0,1.0,7.0,1.0,0.0,1.0,1.0,0.0
166741.0,0.0,0.0,0.0,0.0,0.0,0.0,0.0,0.0,0.0,0.0,0.0,0.0
172982.0,0.0,0.0,0.0,0.0,0.0,0.0,0.0,0.0,0.0,0.0,0.0,0.0
160107.0,0.0,0.0,0.0,0.0,0.0,0.0,0.0,0.0,0.0,0.0,0.0,0.0
162553.0,0.0,0.0,0.0,0.0,0.0,0.0,0.0,0.0,0.0,0.0,0.0,0.0
160299.0,0.0,0.0,0.0,0.0,0.0,0.0,0.0,0.0,0.0,0.0,0.0,0.0
35017.0,8.0,20.0,18.0,0.0,15.0,7.0,26.0,0.0,0.0,0.0,17.0,17.0
131816.0,0.0,0.0,0.0,0.0,0.0,0.0,0.0,0.0,0.0,0.0,0.0,0.0
10652.0,0.0,0.0,0.0,0.0,0.0,0.0,0.0,0.0,0.0,0.0,0.0,0.0
155611.0,0.0,0.0,0.0,0.0,0.0,0.0,0.0,0.0,0.0,0.0,0.0,0.0
180321.0,0.0,0.0,0.0,0.0,0.0,0.0,0.0,0.0,0.0,0.0,0.0,0.0
93960.0,1.0,11.0,17.0,0.0,7.0,0.0,2.0,0.0,0.0,0.0,8.0,22.0
160260.0,0.0,0.0,0.0,0.0,0.0,0.0,0.0,0.0,0.0,0.0,0.0,0.0
166927.0,0.0,0.0,0.0,0.0,0.0,0.0,0.0,0.0,0.0,0.0,0.0,0.0
15253.0,0.0,0.0,0.0,0.0,0.0,0.0,0.0,0.0,0.0,0.0,0.0,0.0
52111.0,0.0,0.0,0.0,0.0,0.0,0.0,0.0,0.0,0.0,0.0,0.0,0.0
153072.0,0.0,0.0,0.0,0.0,0.0,0.0,0.0,0.0,0.0,0.0,0.0,0.0
170114.0,0.0,0.0,0.0,0.0,0.0,0.0,0.0,0.0,0.0,0.0,0.0,0.0
166332.0,0.0,0.0,0.0,0.0,0.0,0.0,0.0,0.0,0.0,0.0,0.0,0.0
161455.0,0.0,0.0,0.0,0.0,0.0,0.0,0.0,0.0,0.0,0.0,0.0,0.0
144962.0,0.0,0.0,0.0,0.0,0.0,0.0,0.0,0.0,0.0,0.0,0.0,0.0
180039.0,0.0,0.0,0.0,0.0,0.0,0.0,0.0,0.0,0.0,0.0,0.0,0.0
31013.0,2.0,5.0,2.0,0.0,18.0,10.0,7.0,0.0,0.0,0.0,1.0,3.0
20255.0,4.0,3.0,26.0,0.0,29.0,19.0,36.0,0.0,0.0,1.0,18.0,21.0
144313.0,0.0,0.0,0.0,0.0,0.0,0.0,0.0,0.0,0.0,0.0,0.0,0.0
175441.0,0.0,0.0,3.0,0.0,0.0,0.0,0.0,0.0,0.0,0.0,0.0,1.0
154760.0,0.0,0.0,0.0,0.0,0.0,0.0,0.0,0.0,0.0,0.0,0.0,0.0
160499.0,0.0,0.0,0.0,0.0,0.0,0.0,0.0,0.0,0.0,0.0,0.0,0.0
43135.0,3.0,6.0,15.0,0.0,22.0,6.0,8.0,0.0,0.0,0.0,13.0,6.0
52102.0,0.0,3.0,9.0,0.0,4.0,2.0,2.0,0.0,0.0,0.0,11.0,7.0
47195.0,6.0,28.0,58.0,0.0,20.0,10.0,20.0,0.0,0.0,1.0,41.0,25.0
160719.0,0.0,0.0,0.0,0.0,0.0,0.0,0.0,0.0,0.0,0.0,0.0,0.0
136284.0,0.0,0.0,0.0,0.0,0.0,0.0,0.0,0.0,0.0,0.0,0.0,0.0
172668.0,0.0,0.0,0.0,0.0,0.0,0.0,0.0,0.0,0.0,0.0,0.0,0.0
160940.0,0.0,0.0,0.0,0.0,0.0,0.0,0.0,0.0,0.0,0.0,0.0,0.0
9993.0,0.0,0.0,0.0,0.0,0.0,0.0,0.0,0.0,0.0,0.0,0.0,0.0
131467.0,0.0,0.0,0.0,0.0,0.0,0.0,0.0,0.0,0.0,0.0,0.0,0.0
90860.0,4.0,45.0,77.0,1.0,48.0,23.0,54.0,0.0,0.0,1.0,46.0,42.0
30959.0,0.0,0.0,2.0,0.0,1.0,0.0,0.0,0.0,0.0,0.0,0.0,0.0
144941.0,0.0,0.0,0.0,0.0,0.0,0.0,0.0,0.0,0.0,0.0,0.0,0.0
161537.0,0.0,0.0,2.0,0.0,1.0,1.0,0.0,0.0,0.0,0.0,0.0,6.0
180210.0,1.0,0.0,1.0,0.0,0.0,0.0,0.0,0.0,0.0,0.0,1.0,1.0
51676.0,0.0,0.0,0.0,0.0,0.0,0.0,0.0,0.0,0.0,0.0,0.0,0.0
90728.0,0.0,0.0,0.0,0.0,0.0,0.0,0.0,0.0,0.0,0.0,0.0,0.0
14146.0,0.0,0.0,0.0,0.0,0.0,0.0,0.0,0.0,0.0,0.0,0.0,0.0
135255.0,0.0,0.0,0.0,0.0,0.0,0.0,0.0,0.0,0.0,0.0,0.0,0.0
166977.0,0.0,0.0,0.0,0.0,0.0,0.0,0.0,0.0,0.0,0.0,0.0,0.0
94486.0,0.0,1.0,0.0,0.0,0.0,0.0,0.0,0.0,0.0,0.0,2.0,8.0
162183.0,0.0,0.0,0.0,0.0,0.0,0.0,0.0,0.0,0.0,0.0,0.0,0.0
160642.0,0.0,0.0,0.0,0.0,0.0,0.0,0.0,0.0,0.0,0.0,0.0,0.0
134823.0,0.0,0.0,0.0,0.0,0.0,0.0,0.0,0.0,0.0,0.0,0.0,0.0
162020.0,2.0,12.0,24.0,0.0,7.0,4.0,8.0,0.0,1.0,0.0,9.0,11.0
138549.0,0.0,0.0,0.0,0.0,0.0,0.0,0.0,0.0,0.0,0.0,0.0,0.0
160166.0,4.0,3.0,4.0,0.0,17.0,8.0,12.0,0.0,0.0,0.0,1.0,2.0
135976.0,0.0,3.0,8.0,0.0,1.0,0.0,0.0,0.0,0.0,0.0,2.0,5.0
6686.0,0.0,0.0,0.0,0.0,0.0,0.0,0.0,0.0,0.0,0.0,0.0,0.0
52087.0,6.0,15.0,23.0,0.0,15.0,8.0,21.0,0.0,0.0,0.0,16.0,29.0
179376.0,0.0,0.0,0.0,0.0,0.0,0.0,0.0,0.0,0.0,0.0,0.0,0.0
138347.0,0.0,0.0,0.0,0.0,0.0,0.0,0.0,0.0,0.0,0.0,0.0,0.0
32203.0,2.0,7.0,14.0,0.0,19.0,5.0,2.0,1.0,0.0,0.0,5.0,1.0
165870.0,0.0,0.0,0.0,0.0,0.0,0.0,0.0,0.0,0.0,0.0,0.0,0.0
180393.0,0.0,0.0,0.0,0.0,0.0,0.0,0.0,0.0,0.0,0.0,0.0,0.0
32086.0,0.0,0.0,0.0,0.0,0.0,0.0,0.0,0.0,0.0,0.0,0.0,0.0
161544.0,0.0,0.0,0.0,0.0,0.0,0.0,0.0,0.0,0.0,0.0,0.0,0.0
166828.0,0.0,0.0,0.0,0.0,0.0,0.0,0.0,0.0,0.0,0.0,0.0,0.0
184281.0,0.0,0.0,0.0,0.0,0.0,0.0,0.0,0.0,0.0,0.0,0.0,0.0
138616.0,0.0,0.0,0.0,0.0,0.0,0.0,0.0,0.0,0.0,0.0,0.0,0.0
179279.0,0.0,0.0,0.0,0.0,10.0,0.0,4.0,1.0,2.0,0.0,0.0,0.0
161549.0,1.0,16.0,29.0,0.0,10.0,7.0,15.0,0.0,0.0,0.0,12.0,15.0
133641.0,11.0,42.0,85.0,0.0,14.0,5.0,17.0,0.0,0.0,0.0,36.0,21.0
172390.0,0.0,0.0,0.0,0.0,0.0,0.0,1.0,0.0,0.0,0.0,1.0,1.0
160427.0,0.0,0.0,0.0,0.0,0.0,0.0,0.0,0.0,0.0,0.0,0.0,0.0
179154.0,0.0,0.0,0.0,0.0,0.0,0.0,0.0,0.0,0.0,0.0,0.0,0.0
42923.0,0.0,0.0,0.0,0.0,0.0,0.0,0.0,0.0,0.0,0.0,0.0,0.0
160671.0,5.0,10.0,27.0,0.0,28.0,17.0,163.0,0.0,0.0,0.0,28.0,220.0
166685.0,0.0,0.0,0.0,0.0,0.0,0.0,0.0,0.0,0.0,0.0,0.0,0.0
161043.0,0.0,0.0,0.0,0.0,0.0,0.0,0.0,0.0,0.0,0.0,0.0,0.0
175561.0,0.0,0.0,0.0,0.0,0.0,0.0,0.0,0.0,0.0,0.0,0.0,0.0
136947.0,0.0,0.0,0.0,0.0,0.0,0.0,0.0,0.0,0.0,0.0,0.0,0.0
163386.0,0.0,0.0,0.0,0.0,0.0,0.0,0.0,0.0,0.0,0.0,0.0,0.0
128177.0,0.0,0.0,0.0,0.0,0.0,0.0,0.0,0.0,0.0,0.0,0.0,0.0
154336.0,9.0,51.0,86.0,0.0,28.0,12.0,35.0,0.0,1.0,0.0,31.0,41.0
57855.0,0.0,0.0,0.0,0.0,0.0,0.0,0.0,0.0,0.0,0.0,0.0,0.0
132771.0,5.0,57.0,58.0,1.0,24.0,7.0,12.0,0.0,0.0,1.0,25.0,31.0
160442.0,0.0,0.0,0.0,0.0,0.0,0.0,0.0,0.0,0.0,0.0,0.0,0.0
159677.0,0.0,2.0,2.0,0.0,5.0,1.0,1.0,0.0,0.0,0.0,6.0,2.0
159737.0,4.0,3.0,16.0,0.0,10.0,6.0,9.0,0.0,0.0,1.0,3.0,23.0
30562.0,14.0,33.0,31.0,0.0,103.0,49.0,52.0,0.0,0.0,0.0,16.0,42.0
32102.0,0.0,0.0,0.0,0.0,0.0,0.0,0.0,0.0,0.0,0.0,0.0,0.0
160941.0,0.0,0.0,0.0,0.0,0.0,0.0,0.0,0.0,0.0,0.0,0.0,0.0
160059.0,0.0,0.0,0.0,0.0,0.0,0.0,0.0,0.0,0.0,0.0,0.0,0.0
166467.0,0.0,0.0,0.0,0.0,0.0,0.0,0.0,0.0,0.0,0.0,0.0,0.0
172612.0,0.0,0.0,0.0,0.0,0.0,0.0,0.0,0.0,0.0,0.0,0.0,0.0
30960.0,5.0,42.0,43.0,0.0,28.0,9.0,18.0,0.0,2.0,0.0,45.0,31.0
55225.0,0.0,0.0,0.0,0.0,0.0,0.0,0.0,0.0,0.0,0.0,0.0,0.0
136276.0,0.0,0.0,0.0,0.0,0.0,0.0,0.0,0.0,0.0,0.0,0.0,0.0
162028.0,0.0,0.0,0.0,0.0,0.0,0.0,0.0,0.0,0.0,0.0,0.0,0.0
160897.0,0.0,5.0,5.0,0.0,1.0,1.0,9.0,0.0,0.0,0.0,24.0,20.0
48260.0,17.0,34.0,28.0,0.0,110.0,65.0,106.0,0.0,0.0,1.0,14.0,80.0
183160.0,0.0,0.0,0.0,0.0,0.0,0.0,0.0,0.0,0.0,0.0,0.0,0.0
129760.0,0.0,7.0,18.0,0.0,1.0,1.0,4.0,0.0,0.0,0.0,4.0,5.0
140674.0,0.0,0.0,0.0,0.0,0.0,0.0,0.0,0.0,0.0,0.0,0.0,0.0
159635.0,0.0,2.0,3.0,0.0,2.0,0.0,1.0,0.0,0.0,0.0,2.0,5.0
180340.0,0.0,0.0,0.0,0.0,0.0,0.0,0.0,0.0,0.0,0.0,0.0,0.0
163751.0,0.0,0.0,0.0,0.0,0.0,0.0,0.0,0.0,0.0,0.0,0.0,0.0
170949.0,0.0,0.0,0.0,0.0,0.0,0.0,0.0,0.0,0.0,0.0,0.0,0.0
163785.0,0.0,0.0,0.0,0.0,0.0,0.0,0.0,0.0,0.0,0.0,0.0,0.0
180889.0,0.0,3.0,1.0,0.0,2.0,2.0,2.0,0.0,0.0,0.0,1.0,0.0
19884.0,0.0,0.0,0.0,0.0,0.0,0.0,0.0,0.0,0.0,0.0,1.0,1.0
48228.0,1.0,27.0,51.0,0.0,42.0,15.0,12.0,0.0,0.0,0.0,22.0,9.0
131486.0,0.0,0.0,0.0,0.0,0.0,0.0,0.0,0.0,0.0,0.0,0.0,0.0
144289.0,1.0,4.0,4.0,0.0,7.0,3.0,12.0,0.0,0.0,0.0,2.0,10.0
18721.0,3.0,8.0,14.0,0.0,8.0,3.0,46.0,0.0,0.0,0.0,29.0,51.0
145242.0,0.0,0.0,0.0,0.0,0.0,0.0,0.0,0.0,0.0,0.0,0.0,0.0
160650.0,0.0,0.0,0.0,0.0,0.0,0.0,0.0,0.0,0.0,0.0,0.0,0.0
135939.0,0.0,0.0,0.0,0.0,0.0,0.0,0.0,0.0,0.0,0.0,0.0,0.0
41632.0,3.0,1.0,3.0,0.0,5.0,5.0,3.0,0.0,0.0,0.0,3.0,7.0
154789.0,0.0,0.0,0.0,0.0,0.0,0.0,0.0,0.0,0.0,0.0,0.0,0.0
161391.0,0.0,0.0,0.0,0.0,0.0,0.0,0.0,0.0,0.0,0.0,0.0,0.0
35777.0,0.0,0.0,0.0,0.0,1.0,1.0,7.0,0.0,0.0,0.0,1.0,3.0
47171.0,0.0,0.0,0.0,0.0,0.0,0.0,0.0,0.0,0.0,0.0,0.0,0.0
5013.0,0.0,0.0,0.0,0.0,0.0,0.0,0.0,0.0,0.0,0.0,0.0,0.0
160422.0,19.0,20.0,16.0,0.0,49.0,19.0,40.0,0.0,1.0,0.0,12.0,35.0
170758.0,0.0,0.0,0.0,0.0,0.0,0.0,0.0,0.0,0.0,0.0,0.0,0.0
166560.0,0.0,0.0,0.0,0.0,0.0,0.0,0.0,0.0,0.0,0.0,0.0,0.0
134321.0,8.0,35.0,61.0,0.0,44.0,26.0,83.0,0.0,0.0,0.0,26.0,66.0
160054.0,1.0,19.0,53.0,0.0,13.0,6.0,7.0,0.0,0.0,0.0,16.0,13.0
135369.0,0.0,0.0,0.0,0.0,0.0,0.0,0.0,0.0,0.0,0.0,0.0,0.0
161985.0,3.0,6.0,13.0,0.0,24.0,14.0,5.0,0.0,0.0,0.0,3.0,2.0
133649.0,0.0,0.0,0.0,0.0,29.0,0.0,16.0,1.0,1.0,1.0,1.0,1.0
48542.0,0.0,6.0,25.0,0.0,9.0,7.0,22.0,0.0,0.0,0.0,33.0,45.0
144552.0,0.0,0.0,0.0,0.0,0.0,0.0,0.0,0.0,0.0,0.0,0.0,0.0
167235.0,0.0,0.0,0.0,0.0,0.0,0.0,0.0,0.0,0.0,0.0,0.0,0.0
13993.0,0.0,0.0,0.0,0.0,0.0,0.0,0.0,0.0,0.0,0.0,0.0,0.0
6773.0,2.0,7.0,19.0,0.0,6.0,3.0,3.0,0.0,0.0,0.0,23.0,17.0
180207.0,0.0,0.0,5.0,0.0,5.0,3.0,1.0,0.0,0.0,0.0,4.0,0.0
43134.0,0.0,0.0,0.0,0.0,0.0,0.0,0.0,0.0,0.0,0.0,0.0,0.0
35213.0,0.0,0.0,0.0,0.0,0.0,0.0,0.0,0.0,0.0,0.0,0.0,0.0
94133.0,2.0,14.0,8.0,0.0,13.0,6.0,18.0,0.0,0.0,0.0,6.0,9.0
79887.0,0.0,0.0,0.0,0.0,0.0,0.0,0.0,0.0,0.0,0.0,0.0,0.0
14914.0,0.0,0.0,0.0,0.0,0.0,0.0,0.0,0.0,0.0,0.0,0.0,0.0
161414.0,0.0,0.0,0.0,0.0,0.0,0.0,0.0,0.0,0.0,0.0,0.0,0.0
154425.0,0.0,0.0,0.0,0.0,0.0,0.0,0.0,0.0,0.0,0.0,0.0,0.0
179421.0,0.0,1.0,7.0,0.0,2.0,1.0,1.0,0.0,0.0,0.0,2.0,3.0
135438.0,0.0,0.0,0.0,0.0,0.0,0.0,0.0,0.0,0.0,0.0,0.0,0.0
51785.0,0.0,0.0,0.0,0.0,0.0,0.0,0.0,0.0,0.0,0.0,0.0,0.0
130623.0,4.0,9.0,16.0,0.0,8.0,2.0,5.0,0.0,0.0,0.0,8.0,4.0
141189.0,2.0,10.0,8.0,0.0,13.0,8.0,10.0,0.0,2.0,0.0,6.0,7.0
163809.0,0.0,0.0,0.0,0.0,0.0,0.0,0.0,0.0,0.0,0.0,0.0,0.0
93899.0,1.0,8.0,14.0,0.0,3.0,0.0,2.0,0.0,0.0,0.0,10.0,9.0
129845.0,0.0,0.0,0.0,0.0,26.0,2.0,10.0,0.0,2.0,0.0,0.0,2.0
163721.0,0.0,0.0,0.0,0.0,0.0,0.0,0.0,0.0,0.0,0.0,0.0,0.0
135175.0,11.0,47.0,39.0,0.0,35.0,23.0,46.0,0.0,0.0,0.0,33.0,45.0
166698.0,0.0,0.0,0.0,0.0,0.0,0.0,0.0,0.0,0.0,0.0,0.0,0.0
167241.0,0.0,0.0,0.0,0.0,0.0,0.0,0.0,0.0,0.0,0.0,0.0,0.0
50567.0,0.0,0.0,0.0,0.0,0.0,0.0,0.0,0.0,0.0,0.0,0.0,0.0
30669.0,5.0,17.0,25.0,0.0,15.0,8.0,11.0,0.0,0.0,0.0,19.0,12.0
170882.0,0.0,0.0,0.0,0.0,0.0,0.0,0.0,0.0,0.0,0.0,0.0,0.0
53321.0,0.0,0.0,0.0,0.0,0.0,0.0,0.0,0.0,0.0,0.0,0.0,0.0
47188.0,0.0,0.0,0.0,0.0,0.0,0.0,0.0,0.0,0.0,0.0,0.0,0.0
14607.0,0.0,0.0,0.0,0.0,0.0,0.0,0.0,0.0,0.0,0.0,0.0,0.0
163814.0,0.0,0.0,0.0,0.0,0.0,0.0,0.0,0.0,0.0,0.0,0.0,0.0
6503.0,0.0,0.0,0.0,0.0,0.0,0.0,0.0,0.0,0.0,0.0,0.0,0.0
180000.0,3.0,6.0,34.0,0.0,13.0,6.0,5.0,0.0,0.0,0.0,16.0,14.0
171568.0,0.0,0.0,0.0,0.0,0.0,0.0,2.0,0.0,0.0,0.0,0.0,2.0
49710.0,0.0,0.0,0.0,0.0,0.0,0.0,0.0,0.0,0.0,0.0,2.0,1.0
160566.0,0.0,0.0,0.0,0.0,0.0,0.0,0.0,0.0,0.0,0.0,0.0,0.0
58313.0,0.0,0.0,0.0,0.0,0.0,0.0,0.0,0.0,0.0,0.0,0.0,0.0
90697.0,0.0,0.0,0.0,0.0,0.0,0.0,0.0,0.0,0.0,0.0,0.0,0.0
93885.0,0.0,0.0,0.0,0.0,0.0,0.0,0.0,0.0,0.0,0.0,0.0,0.0
162328.0,0.0,0.0,0.0,0.0,0.0,0.0,0.0,0.0,0.0,0.0,0.0,0.0
180192.0,0.0,0.0,0.0,0.0,0.0,0.0,0.0,0.0,0.0,0.0,0.0,0.0
13988.0,0.0,0.0,0.0,0.0,0.0,0.0,0.0,0.0,0.0,0.0,0.0,0.0
18842.0,0.0,0.0,0.0,0.0,0.0,0.0,0.0,0.0,0.0,0.0,0.0,0.0
94228.0,2.0,13.0,32.0,0.0,17.0,10.0,48.0,0.0,0.0,0.0,16.0,64.0
154872.0,0.0,0.0,0.0,0.0,0.0,0.0,0.0,0.0,0.0,0.0,0.0,0.0
42508.0,0.0,0.0,0.0,0.0,0.0,0.0,0.0,0.0,0.0,0.0,0.0,0.0
162294.0,0.0,0.0,0.0,0.0,0.0,0.0,0.0,0.0,0.0,0.0,0.0,0.0
160103.0,0.0,10.0,6.0,0.0,5.0,3.0,4.0,0.0,0.0,0.0,6.0,6.0
171029.0,0.0,0.0,0.0,0.0,0.0,0.0,0.0,0.0,0.0,0.0,0.0,0.0
53178.0,4.0,31.0,44.0,0.0,36.0,17.0,21.0,0.0,0.0,0.0,24.0,31.0
162414.0,0.0,0.0,0.0,0.0,0.0,0.0,0.0,0.0,0.0,0.0,0.0,0.0
134327.0,0.0,0.0,0.0,0.0,0.0,0.0,0.0,0.0,0.0,0.0,0.0,0.0
180215.0,0.0,0.0,0.0,0.0,0.0,0.0,0.0,0.0,0.0,0.0,0.0,0.0
134460.0,0.0,0.0,0.0,0.0,0.0,0.0,0.0,0.0,0.0,0.0,0.0,0.0
130045.0,0.0,9.0,59.0,0.0,5.0,1.0,7.0,0.0,0.0,0.0,36.0,24.0
179227.0,0.0,0.0,0.0,0.0,0.0,0.0,0.0,0.0,0.0,0.0,0.0,0.0
161345.0,17.0,61.0,34.0,0.0,142.0,86.0,153.0,0.0,0.0,0.0,30.0,59.0
160325.0,0.0,0.0,0.0,0.0,0.0,0.0,0.0,0.0,0.0,0.0,0.0,0.0
131779.0,0.0,17.0,23.0,0.0,7.0,1.0,9.0,0.0,0.0,0.0,10.0,18.0
166195.0,0.0,0.0,0.0,0.0,0.0,0.0,0.0,0.0,0.0,0.0,0.0,0.0
19415.0,3.0,26.0,34.0,0.0,29.0,10.0,16.0,0.0,0.0,0.0,12.0,9.0
30549.0,0.0,12.0,39.0,0.0,7.0,3.0,33.0,0.0,0.0,0.0,39.0,64.0
162276.0,0.0,0.0,0.0,0.0,0.0,0.0,0.0,0.0,0.0,0.0,0.0,0.0
50136.0,2.0,14.0,31.0,0.0,35.0,14.0,11.0,0.0,0.0,0.0,14.0,7.0
175469.0,0.0,0.0,0.0,0.0,0.0,0.0,0.0,0.0,0.0,0.0,0.0,0.0
32140.0,3.0,19.0,23.0,0.0,8.0,5.0,12.0,0.0,0.0,0.0,9.0,18.0
180764.0,0.0,1.0,2.0,0.0,9.0,6.0,4.0,0.0,0.0,0.0,2.0,3.0
34883.0,5.0,11.0,15.0,0.0,65.0,34.0,37.0,1.0,0.0,0.0,16.0,25.0
126089.0,0.0,0.0,0.0,0.0,0.0,0.0,0.0,0.0,0.0,0.0,0.0,0.0
160742.0,0.0,0.0,0.0,0.0,0.0,0.0,0.0,0.0,0.0,0.0,0.0,0.0
166920.0,0.0,0.0,0.0,0.0,0.0,0.0,0.0,0.0,0.0,0.0,0.0,0.0
130625.0,0.0,0.0,0.0,0.0,0.0,0.0,0.0,0.0,0.0,0.0,0.0,0.0
19619.0,0.0,2.0,11.0,0.0,13.0,10.0,17.0,0.0,0.0,0.0,25.0,59.0
162047.0,0.0,0.0,0.0,0.0,0.0,0.0,0.0,0.0,0.0,0.0,0.0,0.0
181701.0,0.0,0.0,0.0,0.0,0.0,0.0,0.0,0.0,0.0,0.0,0.0,0.0
130672.0,11.0,24.0,37.0,0.0,54.0,28.0,62.0,0.0,0.0,1.0,20.0,26.0
161141.0,0.0,0.0,0.0,0.0,0.0,0.0,0.0,0.0,0.0,0.0,0.0,0.0
161031.0,0.0,0.0,0.0,0.0,0.0,0.0,0.0,0.0,0.0,0.0,0.0,0.0
167431.0,0.0,0.0,0.0,0.0,0.0,0.0,0.0,0.0,0.0,0.0,0.0,0.0
31289.0,5.0,14.0,39.0,0.0,22.0,10.0,12.0,0.0,0.0,0.0,10.0,14.0
7431.0,1.0,0.0,7.0,0.0,1.0,0.0,2.0,0.0,0.0,0.0,7.0,6.0
180328.0,0.0,0.0,0.0,0.0,0.0,0.0,0.0,0.0,0.0,0.0,0.0,0.0
51329.0,5.0,15.0,27.0,1.0,18.0,12.0,22.0,0.0,0.0,0.0,15.0,14.0
43049.0,4.0,12.0,13.0,0.0,37.0,24.0,47.0,0.0,0.0,0.0,7.0,5.0
137781.0,1.0,5.0,3.0,0.0,3.0,1.0,6.0,0.0,0.0,0.0,6.0,5.0
161393.0,0.0,0.0,0.0,0.0,0.0,0.0,0.0,0.0,0.0,0.0,0.0,0.0
93676.0,0.0,0.0,0.0,0.0,0.0,0.0,0.0,0.0,0.0,0.0,0.0,0.0
52229.0,16.0,55.0,74.0,0.0,45.0,17.0,42.0,0.0,0.0,0.0,46.0,65.0
160847.0,3.0,13.0,32.0,0.0,33.0,29.0,150.0,0.0,0.0,0.0,17.0,149.0
180293.0,0.0,0.0,0.0,0.0,0.0,0.0,0.0,0.0,0.0,0.0,0.0,0.0
161558.0,5.0,20.0,64.0,0.0,10.0,1.0,13.0,0.0,0.0,0.0,22.0,18.0
138958.0,0.0,0.0,0.0,0.0,0.0,0.0,0.0,0.0,0.0,0.0,0.0,0.0
135145.0,0.0,0.0,0.0,0.0,0.0,0.0,0.0,0.0,0.0,0.0,0.0,0.0
135200.0,1.0,18.0,47.0,0.0,14.0,6.0,15.0,0.0,0.0,0.0,26.0,26.0
133644.0,2.0,3.0,36.0,0.0,18.0,14.0,67.0,0.0,0.0,0.0,26.0,103.0
31037.0,0.0,0.0,0.0,0.0,3.0,0.0,0.0,0.0,0.0,0.0,0.0,0.0
136329.0,0.0,0.0,0.0,0.0,0.0,0.0,0.0,0.0,0.0,0.0,0.0,0.0
160994.0,0.0,0.0,0.0,0.0,0.0,0.0,0.0,0.0,0.0,0.0,0.0,0.0
130622.0,0.0,0.0,0.0,0.0,0.0,0.0,0.0,0.0,0.0,0.0,0.0,0.0
128766.0,5.0,26.0,43.0,0.0,19.0,6.0,22.0,0.0,0.0,0.0,27.0,35.0
138388.0,0.0,0.0,0.0,0.0,0.0,0.0,0.0,0.0,0.0,0.0,0.0,0.0
53206.0,0.0,0.0,0.0,0.0,0.0,0.0,0.0,0.0,0.0,0.0,0.0,0.0
139118.0,0.0,0.0,0.0,0.0,0.0,0.0,0.0,0.0,0.0,0.0,0.0,0.0
10292.0,31.0,42.0,41.0,0.0,160.0,80.0,131.0,0.0,2.0,3.0,25.0,90.0
167242.0,0.0,0.0,0.0,0.0,0.0,0.0,0.0,0.0,0.0,0.0,0.0,0.0
53125.0,0.0,0.0,0.0,0.0,0.0,0.0,0.0,0.0,0.0,0.0,0.0,0.0
167238.0,0.0,0.0,0.0,0.0,0.0,0.0,0.0,0.0,0.0,0.0,0.0,0.0
153012.0,11.0,17.0,20.0,1.0,62.0,35.0,33.0,0.0,1.0,0.0,11.0,23.0
134381.0,1.0,7.0,19.0,0.0,2.0,0.0,2.0,0.0,0.0,0.0,6.0,9.0
154175.0,0.0,0.0,0.0,0.0,0.0,0.0,0.0,0.0,0.0,0.0,0.0,0.0
162448.0,0.0,0.0,0.0,0.0,0.0,0.0,0.0,0.0,0.0,0.0,0.0,0.0
7748.0,5.0,39.0,52.0,0.0,33.0,12.0,30.0,0.0,0.0,1.0,41.0,23.0
162659.0,0.0,0.0,0.0,0.0,0.0,0.0,0.0,0.0,0.0,0.0,0.0,0.0
19506.0,3.0,6.0,13.0,0.0,14.0,7.0,13.0,0.0,0.0,0.0,8.0,13.0
135243.0,12.0,25.0,37.0,0.0,90.0,53.0,105.0,1.0,0.0,0.0,19.0,66.0
172388.0,0.0,0.0,3.0,0.0,2.0,0.0,1.0,0.0,0.0,0.0,4.0,4.0
160323.0,45.0,27.0,13.0,0.0,151.0,68.0,55.0,0.0,2.0,1.0,18.0,35.0
134603.0,0.0,0.0,0.0,0.0,0.0,0.0,0.0,0.0,0.0,0.0,0.0,0.0
169744.0,0.0,0.0,0.0,0.0,0.0,0.0,0.0,0.0,0.0,0.0,0.0,0.0
133740.0,0.0,0.0,0.0,0.0,0.0,0.0,0.0,0.0,0.0,0.0,0.0,0.0
163789.0,0.0,0.0,0.0,0.0,1.0,1.0,2.0,0.0,0.0,0.0,2.0,1.0
180205.0,0.0,0.0,0.0,0.0,0.0,0.0,0.0,0.0,0.0,0.0,0.0,0.0
163773.0,0.0,0.0,0.0,0.0,0.0,0.0,0.0,0.0,0.0,0.0,0.0,0.0
163262.0,0.0,0.0,0.0,0.0,0.0,0.0,0.0,0.0,0.0,0.0,0.0,0.0
47184.0,1.0,7.0,13.0,0.0,2.0,1.0,13.0,0.0,0.0,0.0,14.0,39.0
161395.0,0.0,0.0,0.0,0.0,0.0,0.0,0.0,0.0,0.0,0.0,0.0,0.0
135240.0,5.0,23.0,54.0,1.0,30.0,14.0,20.0,0.0,0.0,0.0,25.0,17.0
161194.0,0.0,0.0,0.0,0.0,0.0,0.0,0.0,0.0,0.0,0.0,0.0,0.0
183606.0,0.0,0.0,0.0,0.0,0.0,0.0,0.0,0.0,0.0,0.0,0.0,0.0
184506.0,0.0,0.0,0.0,0.0,0.0,0.0,0.0,0.0,0.0,0.0,0.0,0.0
116857.0,0.0,0.0,0.0,0.0,0.0,0.0,0.0,0.0,0.0,0.0,0.0,0.0
11241.0,2.0,2.0,0.0,0.0,11.0,7.0,8.0,0.0,0.0,0.0,1.0,10.0
175439.0,0.0,0.0,0.0,0.0,0.0,0.0,0.0,0.0,0.0,0.0,0.0,0.0
180197.0,0.0,0.0,0.0,0.0,0.0,0.0,0.0,0.0,0.0,0.0,1.0,0.0
179383.0,0.0,0.0,0.0,0.0,0.0,0.0,0.0,0.0,0.0,0.0,0.0,0.0
160424.0,3.0,15.0,36.0,0.0,16.0,6.0,9.0,0.0,0.0,0.0,32.0,41.0
160587.0,0.0,3.0,9.0,0.0,2.0,1.0,19.0,0.0,0.0,0.0,20.0,62.0
160326.0,0.0,0.0,0.0,0.0,0.0,0.0,0.0,0.0,0.0,0.0,0.0,0.0
162005.0,0.0,0.0,0.0,0.0,0.0,0.0,0.0,0.0,0.0,0.0,0.0,0.0
43997.0,2.0,1.0,5.0,0.0,9.0,6.0,37.0,0.0,0.0,0.0,15.0,39.0
179999.0,0.0,0.0,0.0,0.0,0.0,0.0,0.0,0.0,0.0,0.0,0.0,0.0
34877.0,4.0,14.0,10.0,0.0,57.0,36.0,52.0,0.0,0.0,0.0,10.0,14.0
43189.0,0.0,0.0,0.0,0.0,0.0,0.0,0.0,0.0,0.0,0.0,0.0,0.0
134380.0,0.0,0.0,3.0,0.0,0.0,0.0,0.0,0.0,0.0,0.0,2.0,6.0
162161.0,0.0,0.0,0.0,0.0,0.0,0.0,0.0,0.0,0.0,0.0,0.0,0.0
163201.0,1.0,3.0,1.0,0.0,10.0,8.0,7.0,0.0,0.0,0.0,1.0,8.0
160773.0,11.0,39.0,55.0,0.0,31.0,7.0,23.0,0.0,1.0,0.0,23.0,27.0
144300.0,0.0,0.0,0.0,0.0,0.0,0.0,0.0,0.0,0.0,0.0,0.0,0.0
160685.0,0.0,0.0,0.0,0.0,0.0,0.0,0.0,0.0,0.0,0.0,0.0,0.0
160096.0,3.0,13.0,23.0,0.0,6.0,1.0,6.0,0.0,0.0,0.0,13.0,8.0
167063.0,0.0,0.0,0.0,0.0,0.0,0.0,0.0,0.0,0.0,0.0,0.0,0.0
137752.0,0.0,0.0,0.0,0.0,0.0,0.0,0.0,0.0,0.0,0.0,0.0,0.0
153041.0,0.0,0.0,0.0,0.0,0.0,0.0,0.0,0.0,0.0,0.0,0.0,0.0
175534.0,1.0,7.0,15.0,0.0,15.0,3.0,7.0,0.0,0.0,0.0,4.0,13.0
152932.0,0.0,0.0,0.0,0.0,0.0,0.0,0.0,0.0,0.0,0.0,0.0,0.0
161996.0,0.0,2.0,5.0,0.0,3.0,2.0,5.0,0.0,0.0,0.0,11.0,5.0
163251.0,0.0,0.0,0.0,0.0,0.0,0.0,0.0,0.0,0.0,0.0,0.0,0.0
141222.0,0.0,0.0,0.0,0.0,0.0,0.0,0.0,0.0,0.0,0.0,0.0,0.0
4029.0,5.0,19.0,48.0,0.0,10.0,8.0,14.0,0.0,0.0,0.0,27.0,10.0
161243.0,0.0,0.0,0.0,0.0,0.0,0.0,0.0,0.0,0.0,0.0,0.0,0.0
170107.0,0.0,0.0,0.0,0.0,0.0,0.0,0.0,0.0,0.0,0.0,0.0,0.0
144579.0,11.0,38.0,58.0,0.0,37.0,18.0,39.0,0.0,0.0,0.0,26.0,26.0
135178.0,0.0,0.0,0.0,0.0,2.0,0.0,0.0,0.0,0.0,0.0,0.0,0.0
30925.0,16.0,36.0,23.0,1.0,127.0,64.0,114.0,0.0,1.0,0.0,19.0,62.0
175666.0,0.0,0.0,0.0,0.0,0.0,0.0,0.0,0.0,0.0,0.0,0.0,0.0
172056.0,0.0,0.0,0.0,0.0,0.0,0.0,0.0,0.0,0.0,0.0,0.0,0.0
160975.0,0.0,0.0,0.0,0.0,0.0,0.0,0.0,0.0,0.0,0.0,0.0,0.0
166859.0,0.0,0.0,0.0,0.0,0.0,0.0,0.0,0.0,0.0,0.0,0.0,0.0
166281.0,0.0,0.0,0.0,0.0,0.0,0.0,0.0,0.0,0.0,0.0,0.0,0.0
139073.0,0.0,0.0,0.0,0.0,0.0,0.0,0.0,0.0,0.0,0.0,0.0,0.0
139755.0,0.0,0.0,0.0,0.0,0.0,0.0,0.0,0.0,0.0,0.0,0.0,0.0
20343.0,0.0,0.0,0.0,0.0,0.0,0.0,0.0,0.0,0.0,0.0,0.0,0.0
167105.0,0.0,0.0,0.0,0.0,0.0,0.0,0.0,0.0,0.0,0.0,0.0,0.0
20341.0,22.0,24.0,33.0,0.0,108.0,53.0,74.0,1.0,0.0,1.0,14.0,48.0
171578.0,0.0,0.0,0.0,0.0,0.0,0.0,0.0,0.0,0.0,0.0,0.0,0.0
168519.0,0.0,0.0,0.0,0.0,0.0,0.0,0.0,0.0,0.0,0.0,0.0,0.0
135824.0,0.0,0.0,0.0,0.0,0.0,0.0,0.0,0.0,0.0,0.0,0.0,0.0
179971.0,0.0,0.0,0.0,0.0,0.0,0.0,0.0,0.0,0.0,0.0,0.0,0.0
160647.0,0.0,0.0,0.0,0.0,0.0,0.0,0.0,0.0,0.0,0.0,0.0,0.0
162537.0,0.0,0.0,0.0,0.0,0.0,0.0,0.0,0.0,0.0,0.0,0.0,0.0
132083.0,0.0,0.0,0.0,0.0,0.0,0.0,0.0,0.0,0.0,0.0,0.0,0.0
17894.0,0.0,3.0,11.0,0.0,3.0,1.0,16.0,0.0,0.0,0.0,5.0,22.0
160698.0,1.0,0.0,5.0,0.0,4.0,1.0,1.0,0.0,0.0,0.0,0.0,3.0
141025.0,0.0,0.0,0.0,0.0,0.0,0.0,0.0,0.0,0.0,0.0,0.0,0.0
160246.0,0.0,0.0,0.0,0.0,0.0,0.0,0.0,0.0,0.0,0.0,0.0,0.0
181284.0,0.0,0.0,0.0,0.0,0.0,0.0,0.0,0.0,0.0,0.0,0.0,0.0
19592.0,6.0,19.0,27.0,0.0,64.0,30.0,52.0,0.0,1.0,0.0,19.0,31.0
50937.0,0.0,0.0,0.0,0.0,0.0,0.0,0.0,0.0,0.0,0.0,0.0,0.0
144980.0,0.0,0.0,0.0,0.0,0.0,0.0,0.0,0.0,0.0,0.0,0.0,0.0
133867.0,0.0,0.0,0.0,0.0,0.0,0.0,0.0,0.0,0.0,0.0,0.0,0.0
170889.0,0.0,0.0,0.0,0.0,0.0,0.0,0.0,0.0,0.0,0.0,0.0,0.0
53035.0,0.0,0.0,0.0,0.0,0.0,0.0,0.0,0.0,0.0,0.0,0.0,0.0
6577.0,0.0,5.0,17.0,0.0,1.0,0.0,1.0,0.0,0.0,0.0,14.0,4.0
160774.0,0.0,0.0,0.0,0.0,0.0,0.0,0.0,0.0,0.0,0.0,0.0,0.0
130412.0,0.0,0.0,0.0,0.0,0.0,0.0,0.0,0.0,0.0,0.0,0.0,0.0
183554.0,0.0,0.0,0.0,0.0,0.0,0.0,0.0,0.0,0.0,0.0,0.0,0.0
179998.0,0.0,0.0,0.0,0.0,0.0,0.0,0.0,0.0,0.0,0.0,0.0,0.0
116976.0,0.0,0.0,0.0,0.0,0.0,0.0,0.0,0.0,0.0,0.0,0.0,0.0
160502.0,0.0,0.0,0.0,0.0,0.0,0.0,0.0,0.0,0.0,0.0,0.0,0.0
159261.0,0.0,0.0,0.0,0.0,0.0,0.0,0.0,0.0,0.0,0.0,0.0,0.0
139749.0,0.0,0.0,0.0,0.0,0.0,0.0,0.0,0.0,0.0,0.0,0.0,0.0
160844.0,0.0,0.0,0.0,0.0,0.0,0.0,0.0,0.0,0.0,0.0,0.0,0.0
18957.0,0.0,9.0,15.0,0.0,1.0,0.0,3.0,0.0,0.0,0.0,8.0,4.0
160895.0,0.0,6.0,6.0,0.0,2.0,0.0,5.0,0.0,0.0,0.0,12.0,20.0
180850.0,0.0,0.0,0.0,0.0,0.0,0.0,0.0,0.0,0.0,0.0,0.0,0.0
180379.0,0.0,0.0,0.0,0.0,0.0,0.0,0.0,0.0,0.0,0.0,0.0,0.0
162003.0,0.0,0.0,0.0,0.0,0.0,0.0,0.0,0.0,0.0,0.0,0.0,0.0
160783.0,1.0,8.0,31.0,0.0,4.0,2.0,18.0,0.0,0.0,0.0,12.0,34.0
175685.0,0.0,0.0,0.0,0.0,9.0,1.0,5.0,0.0,1.0,0.0,1.0,0.0
32103.0,0.0,11.0,17.0,0.0,5.0,3.0,4.0,0.0,0.0,0.0,18.0,20.0
160156.0,0.0,13.0,36.0,0.0,7.0,4.0,23.0,0.0,0.0,0.0,21.0,31.0
161407.0,0.0,0.0,0.0,0.0,0.0,0.0,0.0,0.0,0.0,0.0,0.0,0.0
131347.0,0.0,0.0,0.0,0.0,0.0,0.0,0.0,0.0,0.0,0.0,0.0,0.0
53188.0,0.0,0.0,0.0,0.0,0.0,0.0,0.0,0.0,0.0,0.0,0.0,0.0
138686.0,0.0,0.0,0.0,0.0,1.0,1.0,0.0,0.0,0.0,0.0,0.0,0.0
160313.0,2.0,23.0,37.0,0.0,37.0,14.0,24.0,0.0,0.0,1.0,14.0,9.0
170960.0,0.0,0.0,0.0,0.0,0.0,0.0,0.0,0.0,0.0,0.0,0.0,0.0
32098.0,3.0,4.0,13.0,0.0,6.0,4.0,19.0,0.0,0.0,0.0,16.0,5.0
30984.0,0.0,2.0,1.0,1.0,20.0,2.0,17.0,0.0,2.0,0.0,0.0,0.0
162275.0,0.0,0.0,0.0,0.0,0.0,0.0,0.0,0.0,0.0,0.0,0.0,0.0
137805.0,0.0,0.0,0.0,0.0,0.0,0.0,0.0,0.0,0.0,0.0,0.0,0.0
179991.0,0.0,0.0,0.0,0.0,0.0,0.0,0.0,0.0,0.0,0.0,0.0,0.0
162021.0,1.0,14.0,26.0,0.0,12.0,5.0,5.0,0.0,0.0,1.0,15.0,11.0
20253.0,0.0,0.0,0.0,0.0,4.0,3.0,3.0,0.0,0.0,0.0,1.0,1.0
51703.0,5.0,32.0,59.0,0.0,29.0,13.0,23.0,0.0,1.0,0.0,29.0,22.0
160718.0,0.0,0.0,0.0,0.0,0.0,0.0,0.0,0.0,0.0,0.0,0.0,0.0
167239.0,0.0,0.0,0.0,0.0,0.0,0.0,0.0,0.0,0.0,0.0,0.0,0.0
130627.0,0.0,6.0,11.0,0.0,6.0,2.0,5.0,0.0,0.0,0.0,23.0,38.0
144698.0,0.0,3.0,16.0,0.0,6.0,4.0,17.0,0.0,0.0,0.0,6.0,34.0
144539.0,0.0,0.0,0.0,0.0,0.0,0.0,0.0,0.0,0.0,0.0,0.0,0.0
179147.0,1.0,3.0,7.0,0.0,3.0,1.0,1.0,0.0,0.0,0.0,3.0,4.0
166291.0,0.0,0.0,0.0,0.0,0.0,0.0,0.0,0.0,0.0,0.0,0.0,0.0
179131.0,0.0,0.0,0.0,0.0,0.0,0.0,0.0,0.0,0.0,0.0,0.0,0.0
163660.0,0.0,0.0,0.0,0.0,0.0,0.0,0.0,0.0,0.0,0.0,0.0,0.0
161236.0,0.0,0.0,0.0,0.0,0.0,0.0,0.0,0.0,0.0,0.0,0.0,0.0
167243.0,0.0,0.0,0.0,0.0,0.0,0.0,0.0,0.0,0.0,0.0,0.0,0.0
160101.0,0.0,0.0,0.0,0.0,0.0,0.0,0.0,0.0,0.0,0.0,0.0,0.0
180335.0,0.0,0.0,0.0,0.0,0.0,0.0,0.0,0.0,0.0,0.0,0.0,0.0
144514.0,0.0,0.0,3.0,2.0,36.0,0.0,7.0,0.0,1.0,0.0,0.0,4.0
160225.0,0.0,0.0,0.0,0.0,0.0,0.0,0.0,0.0,0.0,0.0,0.0,0.0
132466.0,0.0,0.0,0.0,0.0,2.0,0.0,0.0,0.0,0.0,0.0,0.0,0.0
19620.0,0.0,8.0,12.0,0.0,13.0,6.0,16.0,0.0,0.0,0.0,17.0,40.0
30552.0,0.0,0.0,0.0,0.0,0.0,0.0,0.0,0.0,0.0,0.0,0.0,0.0
162031.0,0.0,0.0,0.0,0.0,0.0,0.0,0.0,0.0,0.0,0.0,0.0,0.0
5844.0,0.0,0.0,0.0,0.0,0.0,0.0,0.0,0.0,0.0,0.0,0.0,0.0
180211.0,0.0,0.0,0.0,0.0,0.0,0.0,0.0,0.0,0.0,0.0,0.0,0.0
31602.0,0.0,0.0,0.0,0.0,0.0,0.0,0.0,0.0,0.0,0.0,0.0,0.0
131777.0,0.0,0.0,0.0,0.0,0.0,0.0,0.0,0.0,0.0,0.0,0.0,0.0
129749.0,6.0,49.0,119.0,3.0,74.0,38.0,42.0,0.0,0.0,1.0,45.0,48.0
42169.0,0.0,0.0,0.0,0.0,0.0,0.0,0.0,0.0,0.0,0.0,0.0,0.0
166636.0,0.0,0.0,0.0,0.0,0.0,0.0,0.0,0.0,0.0,0.0,0.0,0.0
163170.0,0.0,0.0,0.0,0.0,0.0,0.0,0.0,0.0,0.0,0.0,0.0,0.0
133646.0,4.0,11.0,63.0,0.0,34.0,25.0,67.0,0.0,0.0,0.0,32.0,110.0
133647.0,6.0,66.0,39.0,0.0,46.0,22.0,23.0,0.0,0.0,0.0,12.0,25.0
50336.0,2.0,14.0,10.0,0.0,19.0,8.0,3.0,0.0,0.0,0.0,2.0,5.0
30598.0,4.0,12.0,15.0,0.0,18.0,9.0,13.0,0.0,0.0,0.0,20.0,14.0
19511.0,3.0,7.0,32.0,0.0,11.0,9.0,25.0,0.0,0.0,0.0,26.0,69.0
166634.0,0.0,0.0,0.0,0.0,0.0,0.0,0.0,0.0,0.0,0.0,0.0,0.0
50135.0,6.0,34.0,47.0,0.0,46.0,19.0,27.0,0.0,0.0,0.0,16.0,28.0
180038.0,0.0,0.0,0.0,0.0,0.0,0.0,0.0,0.0,0.0,0.0,0.0,0.0
132100.0,0.0,0.0,0.0,0.0,0.0,0.0,0.0,0.0,0.0,0.0,0.0,0.0
160158.0,5.0,21.0,42.0,0.0,25.0,16.0,52.0,0.0,0.0,0.0,38.0,27.0
95187.0,6.0,5.0,25.0,0.0,6.0,3.0,62.0,0.0,0.0,0.0,19.0,113.0
172639.0,0.0,0.0,0.0,0.0,0.0,0.0,0.0,0.0,0.0,0.0,0.0,0.0
14012.0,0.0,0.0,0.0,0.0,0.0,0.0,0.0,0.0,0.0,0.0,0.0,0.0
179229.0,0.0,0.0,0.0,0.0,0.0,0.0,0.0,0.0,0.0,0.0,0.0,0.0
19603.0,0.0,0.0,0.0,0.0,0.0,0.0,0.0,0.0,0.0,0.0,0.0,0.0
140935.0,10.0,24.0,48.0,0.0,21.0,8.0,33.0,0.0,0.0,0.0,26.0,28.0
134799.0,0.0,0.0,0.0,0.0,0.0,0.0,0.0,0.0,0.0,0.0,0.0,0.0
180064.0,8.0,13.0,32.0,0.0,40.0,19.0,19.0,0.0,2.0,0.0,21.0,15.0
49704.0,5.0,46.0,49.0,0.0,26.0,11.0,25.0,0.0,0.0,0.0,27.0,24.0
130554.0,2.0,8.0,20.0,0.0,14.0,5.0,5.0,0.0,0.0,0.0,6.0,7.0
49702.0,0.0,0.0,0.0,0.0,0.0,0.0,0.0,0.0,0.0,0.0,0.0,0.0
162532.0,8.0,10.0,21.0,0.0,50.0,28.0,45.0,1.0,0.0,0.0,15.0,33.0
131750.0,0.0,2.0,0.0,0.0,10.0,1.0,9.0,0.0,2.0,0.0,0.0,1.0
175680.0,0.0,9.0,10.0,0.0,1.0,1.0,4.0,0.0,0.0,0.0,8.0,13.0
160494.0,0.0,0.0,0.0,0.0,0.0,0.0,0.0,0.0,0.0,0.0,0.0,0.0
47175.0,0.0,0.0,0.0,0.0,0.0,0.0,0.0,0.0,0.0,0.0,0.0,0.0
162014.0,0.0,3.0,6.0,0.0,10.0,8.0,6.0,0.0,0.0,1.0,4.0,5.0
160846.0,2.0,8.0,8.0,0.0,4.0,1.0,7.0,0.0,0.0,0.0,15.0,17.0
35800.0,15.0,41.0,47.0,0.0,108.0,59.0,103.0,0.0,0.0,0.0,37.0,52.0
53441.0,0.0,0.0,0.0,0.0,0.0,0.0,0.0,0.0,0.0,0.0,0.0,0.0
165569.0,0.0,0.0,0.0,0.0,0.0,0.0,0.0,0.0,0.0,0.0,0.0,0.0
53278.0,3.0,13.0,5.0,0.0,28.0,11.0,8.0,0.0,0.0,0.0,1.0,10.0
154249.0,0.0,0.0,0.0,0.0,0.0,0.0,0.0,0.0,0.0,0.0,0.0,0.0
160870.0,0.0,0.0,0.0,0.0,0.0,0.0,0.0,0.0,0.0,0.0,0.0,0.0
179281.0,0.0,1.0,3.0,0.0,4.0,1.0,25.0,0.0,0.0,0.0,3.0,47.0
137813.0,0.0,0.0,0.0,0.0,0.0,0.0,0.0,0.0,0.0,0.0,0.0,0.0
161400.0,0.0,0.0,0.0,0.0,0.0,0.0,0.0,0.0,0.0,0.0,0.0,0.0
166782.0,0.0,0.0,0.0,0.0,0.0,0.0,0.0,0.0,0.0,0.0,0.0,0.0
180225.0,0.0,0.0,0.0,0.0,0.0,0.0,0.0,0.0,0.0,0.0,0.0,0.0
141015.0,0.0,0.0,0.0,0.0,0.0,0.0,0.0,0.0,0.0,0.0,0.0,0.0
31063.0,0.0,0.0,0.0,0.0,0.0,0.0,0.0,0.0,0.0,0.0,0.0,0.0
55316.0,0.0,0.0,0.0,0.0,0.0,0.0,0.0,0.0,0.0,0.0,0.0,0.0
161990.0,1.0,13.0,9.0,0.0,5.0,3.0,12.0,0.0,0.0,0.0,16.0,29.0
167878.0,0.0,0.0,0.0,0.0,0.0,0.0,0.0,0.0,0.0,0.0,0.0,0.0
133749.0,16.0,37.0,36.0,0.0,67.0,28.0,28.0,0.0,1.0,0.0,23.0,28.0
90688.0,0.0,7.0,4.0,0.0,13.0,7.0,6.0,0.0,0.0,0.0,7.0,2.0
42727.0,3.0,10.0,17.0,0.0,10.0,6.0,13.0,0.0,0.0,0.0,14.0,16.0
11230.0,0.0,1.0,1.0,1.0,9.0,2.0,7.0,0.0,0.0,0.0,0.0,2.0
42655.0,3.0,21.0,31.0,0.0,19.0,9.0,17.0,0.0,0.0,0.0,18.0,11.0
135591.0,5.0,19.0,31.0,0.0,19.0,7.0,17.0,0.0,1.0,0.0,15.0,21.0
171575.0,0.0,0.0,0.0,0.0,0.0,0.0,0.0,0.0,0.0,0.0,0.0,0.0
159636.0,0.0,0.0,0.0,0.0,0.0,0.0,0.0,0.0,0.0,0.0,0.0,0.0
162136.0,0.0,0.0,0.0,0.0,0.0,0.0,0.0,0.0,0.0,0.0,0.0,0.0
132770.0,0.0,0.0,1.0,0.0,0.0,0.0,2.0,0.0,0.0,0.0,1.0,4.0
20023.0,0.0,1.0,5.0,0.0,2.0,2.0,16.0,0.0,0.0,0.0,16.0,29.0
14011.0,6.0,21.0,30.0,0.0,50.0,29.0,27.0,0.0,0.0,0.0,22.0,19.0
19695.0,5.0,20.0,24.0,0.0,29.0,15.0,11.0,0.0,0.0,0.0,14.0,11.0
169777.0,0.0,0.0,0.0,0.0,0.0,0.0,0.0,0.0,0.0,0.0,0.0,0.0
163558.0,0.0,0.0,0.0,0.0,0.0,0.0,0.0,0.0,0.0,0.0,0.0,0.0
161548.0,2.0,38.0,78.0,2.0,27.0,13.0,29.0,0.0,0.0,0.0,23.0,29.0
52240.0,3.0,27.0,44.0,0.0,13.0,3.0,13.0,0.0,1.0,0.0,29.0,21.0
53183.0,0.0,2.0,5.0,0.0,12.0,4.0,4.0,0.0,1.0,0.0,1.0,2.0
135978.0,0.0,0.0,0.0,0.0,0.0,0.0,0.0,0.0,0.0,0.0,0.0,0.0
154787.0,0.0,0.0,0.0,0.0,0.0,0.0,0.0,0.0,0.0,0.0,0.0,0.0
35862.0,3.0,16.0,27.0,0.0,20.0,8.0,23.0,0.0,0.0,1.0,36.0,18.0
180002.0,0.0,0.0,0.0,0.0,0.0,0.0,0.0,0.0,0.0,0.0,0.0,0.0
138707.0,0.0,0.0,0.0,0.0,0.0,0.0,0.0,0.0,0.0,0.0,0.0,0.0
181036.0,0.0,0.0,0.0,0.0,0.0,0.0,0.0,0.0,0.0,0.0,0.0,0.0
135694.0,0.0,0.0,0.0,0.0,0.0,0.0,0.0,0.0,0.0,0.0,0.0,0.0
162158.0,0.0,0.0,0.0,0.0,0.0,0.0,0.0,0.0,0.0,0.0,0.0,0.0
163579.0,0.0,0.0,0.0,0.0,0.0,0.0,0.0,0.0,0.0,0.0,0.0,0.0
139680.0,0.0,0.0,0.0,0.0,0.0,0.0,0.0,0.0,0.0,0.0,0.0,0.0
175545.0,0.0,1.0,1.0,0.0,2.0,2.0,0.0,0.0,0.0,0.0,0.0,0.0
183181.0,0.0,0.0,0.0,0.0,0.0,0.0,0.0,0.0,0.0,0.0,0.0,0.0
130671.0,24.0,17.0,25.0,0.0,67.0,39.0,59.0,0.0,1.0,0.0,19.0,28.0
144510.0,1.0,6.0,7.0,0.0,15.0,9.0,52.0,0.0,0.0,0.0,11.0,66.0
20239.0,0.0,16.0,18.0,0.0,15.0,9.0,6.0,0.0,0.0,0.0,13.0,32.0
161404.0,0.0,0.0,0.0,0.0,0.0,0.0,0.0,0.0,0.0,0.0,0.0,0.0
166842.0,0.0,0.0,0.0,0.0,0.0,0.0,0.0,0.0,0.0,0.0,0.0,0.0
52993.0,0.0,0.0,0.0,0.0,0.0,0.0,0.0,0.0,0.0,0.0,0.0,0.0
180035.0,1.0,17.0,15.0,0.0,19.0,12.0,32.0,1.0,0.0,0.0,5.0,28.0
136255.0,19.0,40.0,56.0,0.0,138.0,65.0,100.0,0.0,0.0,2.0,26.0,58.0
172662.0,0.0,0.0,0.0,0.0,0.0,0.0,0.0,0.0,0.0,0.0,0.0,0.0
21225.0,0.0,0.0,0.0,0.0,0.0,0.0,0.0,0.0,0.0,0.0,0.0,0.0
166637.0,0.0,0.0,0.0,0.0,0.0,0.0,0.0,0.0,0.0,0.0,0.0,0.0
93962.0,0.0,0.0,5.0,0.0,1.0,1.0,2.0,0.0,0.0,0.0,1.0,8.0
160312.0,10.0,14.0,18.0,0.0,50.0,32.0,20.0,0.0,0.0,0.0,9.0,14.0
14289.0,0.0,2.0,6.0,0.0,3.0,1.0,6.0,0.0,0.0,0.0,4.0,4.0
175544.0,0.0,0.0,0.0,0.0,0.0,0.0,0.0,0.0,0.0,0.0,0.0,0.0
166336.0,0.0,0.0,0.0,0.0,0.0,0.0,0.0,0.0,0.0,0.0,0.0,0.0
135709.0,0.0,0.0,0.0,0.0,0.0,0.0,0.0,0.0,0.0,0.0,0.0,0.0
171914.0,0.0,0.0,0.0,0.0,0.0,0.0,0.0,0.0,0.0,0.0,0.0,0.0
30618.0,0.0,0.0,0.0,0.0,0.0,0.0,0.0,0.0,0.0,0.0,0.0,0.0
183161.0,0.0,0.0,0.0,0.0,0.0,0.0,0.0,0.0,0.0,0.0,0.0,0.0
10205.0,8.0,47.0,65.0,1.0,33.0,22.0,16.0,0.0,0.0,0.0,38.0,19.0
160780.0,0.0,0.0,0.0,0.0,0.0,0.0,0.0,0.0,0.0,0.0,0.0,0.0
94389.0,0.0,0.0,0.0,0.0,0.0,0.0,0.0,0.0,0.0,0.0,0.0,0.0
10046.0,21.0,41.0,19.0,1.0,141.0,70.0,100.0,0.0,0.0,2.0,15.0,56.0
47001.0,8.0,31.0,69.0,0.0,45.0,17.0,26.0,0.0,2.0,0.0,35.0,24.0
170115.0,0.0,0.0,0.0,0.0,0.0,0.0,0.0,0.0,0.0,0.0,0.0,0.0
51699.0,2.0,5.0,15.0,0.0,11.0,7.0,13.0,0.0,0.0,0.0,20.0,48.0
31291.0,1.0,8.0,14.0,0.0,24.0,11.0,37.0,0.0,0.0,0.0,4.0,18.0
163694.0,0.0,0.0,0.0,0.0,0.0,0.0,0.0,0.0,0.0,0.0,0.0,0.0
159863.0,0.0,0.0,0.0,0.0,0.0,0.0,0.0,0.0,0.0,0.0,0.0,0.0
14288.0,0.0,1.0,4.0,0.0,4.0,3.0,4.0,0.0,0.0,0.0,1.0,6.0
161396.0,0.0,0.0,0.0,0.0,0.0,0.0,1.0,0.0,0.0,0.0,0.0,3.0
153285.0,0.0,0.0,0.0,0.0,0.0,0.0,0.0,0.0,0.0,0.0,0.0,0.0
163692.0,0.0,0.0,0.0,0.0,0.0,0.0,0.0,0.0,0.0,0.0,0.0,0.0
90975.0,0.0,0.0,0.0,0.0,0.0,0.0,0.0,0.0,0.0,0.0,0.0,0.0
122128.0,0.0,0.0,0.0,0.0,0.0,0.0,0.0,0.0,0.0,0.0,0.0,0.0
160029.0,8.0,51.0,41.0,0.0,63.0,27.0,35.0,0.0,0.0,0.0,23.0,35.0
18843.0,39.0,56.0,56.0,1.0,166.0,89.0,162.0,0.0,0.0,0.0,45.0,54.0
162456.0,0.0,0.0,0.0,0.0,0.0,0.0,0.0,0.0,0.0,0.0,0.0,0.0
162066.0,0.0,0.0,0.0,0.0,0.0,0.0,0.0,0.0,0.0,0.0,0.0,0.0
43133.0,5.0,11.0,12.0,0.0,21.0,8.0,8.0,0.0,0.0,0.0,6.0,13.0
184255.0,0.0,0.0,0.0,0.0,0.0,0.0,1.0,0.0,0.0,0.0,0.0,1.0
6363.0,9.0,36.0,17.0,0.0,53.0,23.0,31.0,0.0,0.0,0.0,18.0,21.0
184282.0,0.0,0.0,0.0,0.0,0.0,0.0,0.0,0.0,0.0,0.0,0.0,0.0
161560.0,0.0,0.0,0.0,0.0,0.0,0.0,0.0,0.0,0.0,0.0,0.0,0.0
160314.0,3.0,18.0,37.0,0.0,11.0,4.0,22.0,0.0,0.0,0.0,29.0,26.0
166103.0,3.0,4.0,10.0,0.0,17.0,6.0,8.0,0.0,0.0,1.0,6.0,7.0
179956.0,0.0,0.0,0.0,0.0,0.0,0.0,0.0,0.0,0.0,0.0,0.0,0.0
160675.0,0.0,0.0,0.0,0.0,0.0,0.0,0.0,0.0,0.0,0.0,0.0,0.0
51519.0,15.0,21.0,29.0,0.0,99.0,42.0,60.0,0.0,0.0,0.0,14.0,32.0
135116.0,7.0,22.0,29.0,1.0,42.0,19.0,34.0,0.0,0.0,0.0,7.0,28.0
153019.0,0.0,0.0,0.0,0.0,0.0,0.0,0.0,0.0,0.0,0.0,0.0,0.0
131752.0,7.0,30.0,29.0,0.0,21.0,9.0,10.0,0.0,0.0,0.0,18.0,19.0
160760.0,0.0,0.0,0.0,0.0,0.0,0.0,0.0,0.0,0.0,0.0,0.0,0.0
175528.0,0.0,0.0,4.0,0.0,2.0,2.0,12.0,0.0,0.0,0.0,8.0,38.0
30557.0,0.0,11.0,25.0,0.0,5.0,2.0,3.0,0.0,0.0,0.0,6.0,10.0
135191.0,3.0,12.0,32.0,0.0,12.0,7.0,35.0,0.0,0.0,0.0,35.0,46.0
136298.0,0.0,0.0,0.0,0.0,1.0,0.0,0.0,0.0,1.0,0.0,0.0,0.0
160672.0,2.0,20.0,26.0,0.0,13.0,9.0,18.0,0.0,0.0,0.0,26.0,39.0
160525.0,0.0,0.0,0.0,0.0,0.0,0.0,0.0,0.0,0.0,0.0,0.0,0.0
159713.0,0.0,9.0,21.0,0.0,5.0,2.0,2.0,0.0,0.0,0.0,12.0,16.0
51690.0,5.0,16.0,39.0,0.0,32.0,14.0,24.0,0.0,0.0,0.0,26.0,15.0
14704.0,0.0,0.0,0.0,0.0,0.0,0.0,0.0,0.0,0.0,0.0,0.0,0.0
93957.0,0.0,5.0,2.0,0.0,4.0,3.0,3.0,0.0,1.0,0.0,3.0,12.0
22423.0,0.0,0.0,0.0,0.0,0.0,0.0,0.0,0.0,0.0,0.0,0.0,0.0
145089.0,0.0,0.0,0.0,0.0,0.0,0.0,0.0,0.0,0.0,0.0,0.0,0.0
168961.0,0.0,0.0,0.0,0.0,0.0,0.0,0.0,0.0,0.0,0.0,0.0,0.0
5421.0,0.0,0.0,0.0,0.0,0.0,0.0,0.0,0.0,0.0,0.0,0.0,0.0
90847.0,1.0,13.0,20.0,0.0,29.0,10.0,20.0,0.0,2.0,0.0,7.0,17.0
179415.0,3.0,2.0,1.0,0.0,7.0,2.0,5.0,0.0,0.0,0.0,2.0,3.0
23462.0,7.0,39.0,37.0,0.0,41.0,22.0,15.0,1.0,0.0,0.0,6.0,11.0
162535.0,0.0,0.0,0.0,0.0,0.0,0.0,0.0,0.0,0.0,0.0,0.0,0.0
92622.0,11.0,32.0,22.0,2.0,137.0,67.0,157.0,0.0,0.0,0.0,12.0,49.0
25789.0,0.0,0.0,0.0,0.0,0.0,0.0,0.0,0.0,0.0,0.0,0.0,0.0
11259.0,4.0,2.0,13.0,0.0,18.0,15.0,41.0,0.0,0.0,0.0,17.0,78.0
172658.0,0.0,0.0,0.0,0.0,0.0,0.0,0.0,0.0,0.0,0.0,0.0,0.0
162022.0,0.0,0.0,0.0,0.0,0.0,0.0,0.0,0.0,0.0,0.0,0.0,0.0
6505.0,10.0,31.0,39.0,0.0,55.0,27.0,50.0,0.0,0.0,1.0,6.0,22.0
132044.0,6.0,20.0,15.0,0.0,74.0,38.0,52.0,0.0,0.0,0.0,6.0,21.0
163300.0,0.0,0.0,0.0,0.0,0.0,0.0,0.0,0.0,0.0,0.0,0.0,0.0
154427.0,0.0,0.0,0.0,0.0,0.0,0.0,0.0,0.0,0.0,0.0,0.0,0.0
90856.0,0.0,0.0,0.0,0.0,0.0,0.0,0.0,0.0,0.0,0.0,0.0,0.0
166315.0,0.0,0.0,0.0,0.0,0.0,0.0,0.0,0.0,0.0,0.0,0.0,0.0
46933.0,0.0,7.0,21.0,0.0,2.0,1.0,7.0,0.0,1.0,0.0,9.0,5.0
135169.0,3.0,1.0,3.0,0.0,5.0,4.0,13.0,0.0,0.0,0.0,1.0,37.0
93725.0,0.0,6.0,10.0,0.0,1.0,0.0,6.0,0.0,0.0,0.0,9.0,14.0
50015.0,4.0,24.0,24.0,0.0,29.0,12.0,25.0,0.0,0.0,0.0,24.0,30.0
180034.0,2.0,4.0,13.0,0.0,10.0,5.0,4.0,0.0,0.0,0.0,2.0,8.0
136908.0,0.0,0.0,0.0,0.0,0.0,0.0,0.0,0.0,0.0,0.0,0.0,0.0
159994.0,12.0,55.0,108.0,0.0,52.0,21.0,18.0,0.0,0.0,1.0,15.0,32.0
30554.0,0.0,0.0,0.0,0.0,0.0,0.0,1.0,0.0,0.0,0.0,1.0,0.0
160090.0,0.0,0.0,0.0,0.0,0.0,0.0,0.0,0.0,0.0,0.0,0.0,0.0
6447.0,12.0,48.0,77.0,0.0,58.0,28.0,68.0,0.0,0.0,0.0,45.0,51.0
136919.0,0.0,0.0,0.0,0.0,0.0,0.0,0.0,0.0,0.0,0.0,0.0,0.0
172427.0,0.0,0.0,0.0,0.0,0.0,0.0,0.0,0.0,0.0,0.0,0.0,0.0
179994.0,0.0,0.0,0.0,0.0,0.0,0.0,0.0,0.0,0.0,0.0,0.0,0.0
160892.0,17.0,38.0,24.0,0.0,81.0,35.0,87.0,1.0,1.0,2.0,8.0,55.0
161550.0,0.0,0.0,11.0,0.0,2.0,1.0,15.0,0.0,0.0,0.0,6.0,19.0
180235.0,0.0,0.0,0.0,0.0,0.0,0.0,0.0,0.0,0.0,0.0,0.0,0.0
159689.0,2.0,4.0,15.0,0.0,23.0,18.0,69.0,0.0,0.0,0.0,43.0,93.0
42970.0,10.0,23.0,41.0,0.0,22.0,6.0,15.0,0.0,0.0,0.0,31.0,23.0
179734.0,0.0,0.0,0.0,0.0,0.0,0.0,0.0,0.0,0.0,0.0,0.0,0.0
160063.0,0.0,0.0,0.0,0.0,0.0,0.0,0.0,0.0,0.0,0.0,0.0,0.0
90970.0,0.0,0.0,0.0,0.0,0.0,0.0,0.0,0.0,0.0,0.0,0.0,0.0
180200.0,0.0,1.0,1.0,0.0,0.0,0.0,10.0,0.0,0.0,0.0,4.0,10.0
31015.0,4.0,15.0,30.0,0.0,28.0,15.0,27.0,0.0,0.0,0.0,12.0,45.0
133132.0,0.0,0.0,0.0,0.0,0.0,0.0,0.0,0.0,0.0,0.0,0.0,0.0
42220.0,6.0,68.0,98.0,0.0,57.0,21.0,71.0,0.0,1.0,2.0,42.0,64.0
160845.0,5.0,17.0,37.0,0.0,38.0,22.0,22.0,0.0,0.0,0.0,10.0,16.0
144528.0,0.0,0.0,0.0,0.0,0.0,0.0,0.0,0.0,0.0,0.0,0.0,0.0
6623.0,0.0,20.0,39.0,0.0,7.0,3.0,9.0,0.0,0.0,0.0,15.0,17.0
21858.0,2.0,4.0,21.0,0.0,7.0,2.0,7.0,0.0,0.0,0.0,9.0,14.0
160687.0,0.0,0.0,0.0,0.0,0.0,0.0,0.0,0.0,0.0,0.0,0.0,0.0
131690.0,0.0,0.0,1.0,0.0,0.0,0.0,6.0,0.0,0.0,0.0,1.0,1.0
90987.0,7.0,24.0,31.0,1.0,19.0,5.0,11.0,0.0,0.0,0.0,16.0,8.0
170106.0,0.0,0.0,0.0,0.0,0.0,0.0,0.0,0.0,0.0,0.0,0.0,0.0
166329.0,0.0,0.0,0.0,0.0,0.0,0.0,0.0,0.0,0.0,0.0,0.0,0.0
52277.0,2.0,3.0,7.0,0.0,15.0,13.0,102.0,1.0,0.0,0.0,25.0,151.0
184241.0,0.0,0.0,0.0,0.0,0.0,0.0,0.0,0.0,0.0,0.0,0.0,0.0
160779.0,0.0,0.0,0.0,0.0,0.0,0.0,0.0,0.0,0.0,0.0,0.0,0.0
21236.0,0.0,0.0,0.0,0.0,0.0,0.0,0.0,0.0,0.0,0.0,0.0,0.0
160569.0,0.0,0.0,0.0,0.0,0.0,0.0,0.0,0.0,0.0,0.0,0.0,0.0
143600.0,0.0,0.0,0.0,0.0,0.0,0.0,0.0,0.0,0.0,0.0,0.0,0.0
26145.0,12.0,16.0,39.0,0.0,42.0,26.0,34.0,0.0,0.0,1.0,49.0,45.0
166632.0,0.0,0.0,0.0,0.0,0.0,0.0,0.0,0.0,0.0,0.0,0.0,0.0
131781.0,1.0,4.0,11.0,0.0,3.0,2.0,3.0,0.0,0.0,0.0,15.0,13.0
33511.0,5.0,8.0,17.0,0.0,15.0,6.0,7.0,0.0,0.0,0.0,8.0,11.0
6431.0,0.0,0.0,0.0,0.0,0.0,0.0,0.0,0.0,0.0,0.0,0.0,0.0
179348.0,2.0,11.0,14.0,0.0,22.0,12.0,14.0,0.0,0.0,0.0,14.0,7.0
47197.0,0.0,0.0,0.0,0.0,0.0,0.0,0.0,0.0,0.0,0.0,0.0,0.0
13935.0,2.0,16.0,41.0,0.0,2.0,2.0,8.0,0.0,0.0,0.0,42.0,18.0
180240.0,0.0,0.0,0.0,0.0,0.0,0.0,0.0,0.0,0.0,0.0,0.0,0.0
145175.0,0.0,0.0,0.0,0.0,0.0,0.0,0.0,0.0,0.0,0.0,0.0,0.0
166675.0,0.0,0.0,0.0,0.0,0.0,0.0,0.0,0.0,0.0,0.0,0.0,0.0
145348.0,0.0,0.0,0.0,0.0,0.0,0.0,0.0,0.0,0.0,0.0,0.0,0.0
46991.0,12.0,17.0,29.0,1.0,78.0,46.0,25.0,0.0,0.0,2.0,8.0,20.0
34626.0,0.0,14.0,28.0,0.0,15.0,10.0,21.0,0.0,0.0,0.0,11.0,22.0
180123.0,0.0,0.0,2.0,0.0,0.0,0.0,0.0,0.0,0.0,0.0,1.0,6.0
136290.0,0.0,0.0,0.0,0.0,0.0,0.0,0.0,0.0,0.0,0.0,0.0,0.0
181420.0,0.0,0.0,0.0,0.0,0.0,0.0,0.0,0.0,0.0,0.0,0.0,0.0
